SampleID,Hugo_Symbol,Consequence,VAF
B_002,ENSG00001000057,missense,0.144
B_003,ENSG00001000058,missense,0.641
B_003,ENSG00001000053,missense,0.348
B_004,ENSG00001000057,missense,0.532
B_005,ENSG00001000057,missense,0.774
B_006,ENSG00001000055,missense,0.737
B_007,ENSG00001000052,missense,0.341
B_007,ENSG00001000055,missense,0.518
B_007,ENSG00001000056,missense,0.251
B_009,ENSG00001000057,missense,0.205
B_012,ENSG00001000052,missense,0.48
B_012,ENSG00001000055,missense,0.419
B_014,ENSG00001000055,missense,0.178
B_016,ENSG00001000052,missense,0.117
B_017,ENSG00001000056,missense,0.643
B_017,ENSG00001000058,missense,0.393
B_018,ENSG00001000055,missense,0.45
B_018,ENSG00001000054,missense,0.777
B_019,ENSG00001000052,missense,0.182
B_021,ENSG00001000052,missense,0.16
B_021,ENSG00001000055,missense,0.298
B_021,ENSG00001000056,missense,0.055
B_023,ENSG00001000055,missense,0.513
B_023,ENSG00001000054,missense,0.052
B_024,ENSG00001000056,missense,0.253
B_024,ENSG00001000053,missense,0.216
B_026,ENSG00001000052,missense,0.779
B_027,ENSG00001000054,missense,0.711
B_030,ENSG00001000052,missense,0.251
B_030,ENSG00001000054,missense,0.691
B_030,ENSG00001000058,missense,0.561
B_032,ENSG00001000055,missense,0.618
B_033,ENSG00001000056,missense,0.205
B_035,ENSG00001000054,missense,0.711
B_036,ENSG00001000055,missense,0.739
B_037,ENSG00001000055,missense,0.219
B_038,ENSG00001000054,missense,0.691
B_038,ENSG00001000053,missense,0.207
B_040,ENSG00001000054,missense,0.11
B_041,ENSG00001000052,missense,0.672
B_041,ENSG00001000055,missense,0.42
B_042,ENSG00001000055,missense,0.349
B_047,ENSG00001000055,missense,0.519
B_047,ENSG00001000056,missense,0.51
B_047,ENSG00001000057,missense,0.543
B_047,ENSG00001000059,missense,0.501
B_048,ENSG00001000058,missense,0.217
