SampleID,ENSG00001000005,ENSG00001000006,ENSG00001000007,ENSG00001000008,ENSG00001000009,ENSG00001000010,ENSG00001000011,ENSG00001000012,ENSG00001000013,ENSG00001000014,ENSG00001000015,ENSG00001000016,ENSG00001000017,ENSG00001000018,ENSG00001000019,ENSG00001000020,ENSG00001000021,ENSG00001000022,ENSG00001000023,ENSG00001000024,ENSG00001000025,ENSG00001000026,ENSG00001000027,ENSG00001000028,ENSG00001000029,ENSG00001000030,ENSG00001000031,ENSG00001000032,ENSG00001000033,ENSG00001000034,ENSG00001000035,ENSG00001000036,ENSG00001000037,ENSG00001000038,ENSG00001000039,ENSG00001000040,ENSG00001000041,ENSG00001000042,ENSG00001000043,ENSG00001000044,ENSG00001000045,ENSG00001000046,ENSG00001000047,ENSG00001000048,ENSG00001000049,ENSG00001000050,ENSG00001000051,ENSG00001000052,ENSG00001000053,ENSG00001000054,ENSG00001000055,ENSG00001000056,ENSG00001000057,ENSG00001000058,ENSG00001000059,ENSG00001000060,ENSG00001000061,ENSG00001000062,ENSG00001000063,ENSG00001000064,ENSG00001000065,ENSG00001000066,ENSG00001000067,ENSG00001000068,ENSG00001000069,ENSG00001000070,ENSG00001000071,ENSG00001000072,ENSG00001000073,ENSG00001000074,ENSG00001000075,ENSG00001000076,ENSG00001000077,ENSG00001000078
B_001,152.95297011258089,163.36460556132738,88.07996367346158,215.06325137187287,124.63573550737544,780.7147249121125,27.003596380577306,395.6600630245167,22.8173531056712,14.74069630647701,123.12408520513097,179.4165267082271,183.06171005151475,86.70109040745733,86.82555960240805,77.42004212047233,288.1232916897866,995.9103286230157,156.57103613658538,256.8755176307871,46.39426765449244,70.6916063930998,226.16635238157608,75.93119760488383,43.91604197454331,79.10797931534326,14.361494501783339,89.04935536803187,64.9954057708372,66.66915821178463,35.21619705402445,141.36826695011743,64.52681743151962,113.88007280602639,336.09358957797554,446.9942085981299,232.45407122822516,112.63852746740721,377.9616062317167,152.13403593511663,86.41746231704208,151.59335405538195,93.58500825192242,184.65009738265638,186.39853055946685,60.893094336644175,125.7799653104525,37.30463599383915,52.4468348124925,309.2756524984542,56.32833775198084,76.57770544115412,491.43470170106116,52.0425171628478,18.16652278043492,266.00094030134386,219.47030171198602,377.1871299758785,114.97097871529901,238.72018479423454,933.2267222355651,440.40489359260914,91.03193434111901,233.52891759432597,183.2539120577871,146.86281679738775,134.11059658506787,103.31767809533008,141.7788790816932,295.019396492945,52.81564605139002,119.73555160220215,799.501060829086,144.0133781254526
B_002,579.4338568935145,476.7678956137542,63.32879645911922,71.4967429425683,84.51938228737681,460.10139533707724,41.86088277548379,354.93071736991317,25.67910849979194,18.432211163419108,124.0209213432211,105.1433956449818,286.39335989688885,229.01235483987602,287.96811056127643,126.21889278559226,266.1051409979646,887.1679355029509,167.47280904745165,68.59837259707695,17.811642865421913,29.741926439834195,238.98604460061287,29.381569802052013,30.935251912597455,30.873232608996762,8.769194655043638,54.69854373956528,52.55020183220673,137.186714701806,28.67663529024157,180.33330326181147,40.45948932115622,110.25206692769251,262.12062630977397,215.43069301219384,117.04174674252444,209.7714098761868,365.91907428134925,162.70900525703013,302.4405336347248,204.42127511127123,75.07773903409394,107.24651271505647,250.16329459865614,85.08579630630278,94.53797398768995,17.503009822793732,31.119783717846843,305.07583175908513,33.04036755304827,26.127068726500678,1069.7240581209796,35.126853486443395,15.619478328288757,217.6616443899527,325.42663885457466,606.0303706794051,79.89940912012007,397.8615801917634,1102.373179460432,239.53683690741025,40.7609769000201,236.74985703279373,290.3321637339703,80.62743426694307,17.07961596394762,159.66605208651234,138.34138399659898,392.37519835278397,63.83705009907476,340.6752127552797,891.8185226017681,53.42563257609981
B_003,50.205954194257664,88.53787468753414,85.95309345053514,229.99401707164654,195.1819860275201,392.2853946044154,42.84722793272555,595.7436212685996,75.4968740543816,14.955653959385941,56.95206771193339,144.8994324576189,104.44888915780066,83.34306103482898,82.9496832610816,24.068982955353228,365.9693930562882,407.6160499740446,271.17623658377227,137.2890147395159,32.77078179904171,47.521556455604376,162.89165485001587,226.51363964057947,150.21870182084612,266.9921492709775,77.89710024420839,127.16443491621595,50.477167564448415,66.18506867830715,164.41283760646394,112.33570665280396,107.98991208607045,142.96844007851763,346.1490876937663,358.71997911373074,290.1438366411836,199.7066326655739,310.65093386153137,146.7291044325782,45.48459917963957,157.19390057543305,55.05013151575114,156.62303850117667,172.9087072523,84.59545511555486,244.1487130264204,24.86755608679853,57.44532010224869,162.1497542007769,67.83643632082207,54.20761136491188,519.8202993149399,92.20851238766143,13.94156463693186,490.7841934003167,242.8197011785533,247.62816652308723,124.76928211042943,244.14475372852465,1122.861785176802,279.4426156374662,63.8503530056672,125.6738966660529,130.70124696592984,62.079545408279586,111.42045697690132,104.49825795778769,250.08334476468175,808.1691842786747,79.18779856464515,122.39812857571994,221.90226763598463,92.1772330183752
B_004,110.91197016383904,32.16013810174629,130.43859203217343,80.1788842346183,91.36830965203046,574.0221756825683,33.042570370181664,357.1618923086758,47.56714948035109,10.986166552926232,109.15645580364749,101.08154162049381,68.4943321286799,73.16132677191304,102.4006486561411,12.087347963539345,160.2623259017475,662.7668507290093,293.1133145389845,96.37557549079685,44.24988815310287,59.72418195733119,163.0449349032145,75.71675950024982,148.52929638445653,88.40337222834687,83.3986338810363,233.36574460777996,84.05040864159784,60.62463118481438,85.49193723707567,86.6912305985248,49.493680278050626,108.9507058055456,334.6750220864103,310.2093878158179,251.91199304014492,182.82676714131316,609.3027846278284,230.9492559452934,74.99402127178975,88.99098590921936,29.569714758004842,137.5053261751481,105.9582140421697,57.54472895641731,53.025307587884434,24.775859531620398,43.95422264678928,374.7202987875907,72.5139850622523,49.665597036486204,569.6961751993836,44.54914001943475,10.162244807492446,408.16160868374493,367.0016277326771,165.79952095339235,169.50296829927967,116.48193178368012,717.0056532425228,250.24088988235494,26.936997445169844,284.5339770195585,104.9965286312301,66.23120901662627,131.39157569222587,120.50358215346583,130.06640340423067,262.40154661667015,132.3632519274186,135.73455207641214,209.2516233982219,136.10877476591202
B_005,101.8879858310887,90.54997918289072,61.123086100642844,97.63875917519631,102.91686303911821,452.2004191244938,19.71080785712188,298.2522642073918,53.740953644904764,11.80941962475677,119.1076851199315,67.01785507033632,135.29043644831876,55.2728640581744,219.156109561059,24.0423062011573,128.34597832005088,910.2853405797813,149.55125738788976,178.63614511947307,38.5340036885022,69.79795626974867,122.16027081541405,523.0856751194762,245.75374515395865,224.03364041338992,72.81833731477738,489.6730400984717,63.82125575711889,197.43790943138205,207.82826896888125,427.77026415763834,199.86160836620746,419.6484674019691,155.90908251230337,707.4237928650518,234.394276482813,153.3335348802851,269.18806626221266,171.37491203899324,64.46356228303351,155.64213321131683,58.75474246956128,161.9569894486511,200.85812237886043,120.97272353853344,323.3053280654689,13.731163432188076,36.98436810390286,294.44201345991416,37.178335078825846,68.95385848376212,540.1959502779802,62.03561124771539,8.781595897227586,353.729730175522,224.9074404515277,155.930134033209,129.7288494980293,192.76297490783105,1121.3611102830514,293.4189186890939,41.74330133414205,203.92214294132145,254.5916735362952,88.90598297218173,264.65877289662865,137.069875836588,162.30723069952663,329.64816182569433,122.98356635396925,121.90836717036899,393.23069014924016,70.71711824099401
B_006,426.5198691839444,514.5266504645517,86.46051796874727,266.8775535417479,116.39457702939004,830.4502070644849,15.925415535239054,427.04945351519007,64.29110596442993,51.73469234273317,424.23373065711877,672.6446462346923,443.6866357464858,88.11187280380112,110.64419933921725,69.35953299613324,176.28478147821315,786.2893048329844,190.12456459495522,186.47942587681374,30.102649525915176,95.55420161156407,112.1810908447166,82.33932005790658,82.03053340514776,143.67296925083414,25.439207799353053,70.97744055830886,30.728217296667165,196.2805689957165,181.14366751251566,166.27745891629246,94.18410586417737,105.67932463068665,275.2334951681213,218.45995037919045,326.5372686641854,197.65216653887376,860.4736825588617,141.10954517319234,159.76475416861044,159.21776278192215,52.32832870932142,110.89976899009149,304.05984109158504,61.60405629736263,142.28899803775127,24.859971729200065,27.628986620494658,168.61147047956763,55.741047110767205,58.003413104619845,821.7734270506171,103.0227603385072,13.556935020543499,468.84447884310947,296.4493518765028,325.80354994155164,84.05141212512468,274.4854705168762,359.4568709595513,338.77129541447096,53.273773850130816,209.87033464335104,211.1381559876288,73.80951375262556,59.009214574441735,85.1774131190271,96.08170966535762,470.15147081994905,53.5773100570692,107.6683515726204,1225.0053531531414,93.37117427997373
B_007,274.88504687083304,296.7288576757516,127.48741031510505,213.15435983481927,102.08537613999924,1407.0601887138466,23.77298548495083,530.5323190011642,48.30379859074895,15.195622968974337,196.58231963612562,243.06323468796833,319.9863382994222,180.59479018589022,166.86471773894957,51.414394655545706,323.979751746931,1235.4209970869945,117.48114986539377,129.75695800633517,43.45944035018901,33.70413572452205,214.48462589448994,61.54945389439668,104.1550056802729,54.56832384000601,26.398067278053613,84.14339562562733,54.93826880825868,84.11376384882944,141.96616596376032,483.9419228502787,213.99255088460313,225.072049657049,316.59365237279184,376.9730339995694,450.2651588221128,333.5680927074045,565.0254191295018,102.42764158494455,117.82294679440287,229.8489816473237,51.211385913858045,119.70488298856057,110.1287336542827,79.61932835614691,152.1861177228237,28.207255564435375,42.633116790929414,236.52106905647818,29.08774527505179,17.0287032123069,489.4357843325531,43.52378059700343,7.533518830867715,258.2110256456881,385.52632721501817,295.6847106194149,70.20137343814505,415.27338378311896,2014.6178707647157,305.8445827625906,70.39977676655498,201.21718144652505,263.2520247581475,85.59508752199314,96.54443288774652,103.48642859042835,114.79097169823969,182.4406888945112,112.18046536380082,127.03819720202182,515.5797228669784,119.30838283710463
B_008,168.86093859432827,73.79224321704557,122.3333712748932,152.91178962556364,101.2928594981899,471.8830192847839,17.972702145813912,575.2836206495309,77.96495014834927,19.040958702352032,56.39309492228467,144.41411290977445,97.17311630818995,127.42764227582825,333.55812922169895,17.29933775816101,412.9226316732392,1524.5254942312017,185.25665769724176,153.5055685509903,67.82133842981048,39.71525517922229,105.23901701442634,241.23132955564006,375.1853588764458,501.28595399482293,90.8377588578684,191.23065510006333,35.933640970507795,102.6249088759248,127.06522997888601,238.6263070820937,264.0734193700798,251.63897751233085,109.97491614779271,546.0863743791078,453.79951895294784,109.93124487852396,517.732577148196,166.54392572565516,90.90699916024872,258.3355991313629,33.7708557345479,129.75802821692585,196.47688911552643,117.84034596831312,114.65907952533985,19.06902837211795,32.91027035645845,167.22317827663232,60.358759524467104,78.97954029863789,973.136358973125,45.313258693697236,9.038737622499234,324.45309004773236,182.9236132120515,174.38118202324185,111.60068828505032,222.07924246429644,980.11151731579,332.91277016288643,33.359210436504426,163.23605056167096,277.13580096833067,36.40543881926753,246.60227647004822,146.4074084069494,133.4844858243695,259.0996632604695,132.229036718236,80.57669975137092,543.2022812752426,94.30763558688989
B_009,1859.2632517263414,1213.9955126760265,114.49170609176346,170.7237534871394,225.89465588218113,518.5273376906144,66.7652728327854,400.7418729874575,24.920375851152464,13.53747868946811,2395.4304112024465,1809.1054905271915,1659.8849585127844,179.44724707822803,65.15087726337573,217.6276384617668,95.77432048612442,975.6046366754366,293.1820142492649,115.59484636521579,65.27379643872096,105.72015288848407,161.63330906898767,253.42971275970694,383.36644670970276,402.25217765429574,85.37198570027483,367.80235690458625,59.54197328955032,39.10525160994458,93.5563570432998,69.7628845560321,52.88014241895824,73.14378291124632,218.80484901317521,370.94913957499216,458.79658469011906,125.1194670328552,434.40652768995875,124.43635018243113,431.1611525480032,169.75556937615843,100.32475895055651,128.67571778896055,186.62541394212042,112.9062674953611,70.65549778987595,23.300700242358143,52.44779644509298,171.31500136041402,36.64322011259099,61.464780963194656,699.4208568776999,49.10146295216362,15.531607819119483,274.37268161434025,441.6751972030674,256.9051175826016,151.67730142528308,420.5222616522006,1229.9381211933444,577.5245694512014,55.403773072551324,193.39530642327955,194.44731868536857,33.6586995422881,254.0511272669691,93.81867385367815,206.5947194647595,137.53694136217916,69.96733568286463,159.03203204035879,6109.443734942809,46.66259423080005
B_010,427.1215017771449,197.24447488439316,117.9673560028181,160.75016866683143,74.50646274828078,632.6259965469737,18.112060497829653,531.8157511032798,74.18762388524777,5.226842513080163,204.02254788851937,265.975854429997,232.1966012274039,168.95146854673087,74.98167941183496,83.05014536428061,143.50840152972867,448.0611472613921,106.9965908366735,216.28132191475083,29.80593353728016,154.94214619591867,105.10500628099611,251.68002872546072,173.51774798861112,174.92247260254678,39.03861834451843,107.8702010556647,79.63229974344469,156.21172826490167,187.4096685357137,913.2919676634533,193.86576564656605,483.08535612172705,178.36839252961138,343.19123751371416,385.21928836110874,171.90146385226552,187.08809492042155,177.36419485202947,117.67527891317121,143.45499370118029,115.45721950518904,130.03940825307157,177.35366796784686,78.34849181470645,281.0516828345944,29.947434069519293,23.156144485396794,355.5012189796463,65.1714064832709,54.820638157537985,1558.0417702232987,65.7366342828496,12.716201861121204,302.87681582232574,169.77951925837303,176.33313780502843,71.64632120794323,444.7065890040429,1522.5054749612525,432.46605568804415,34.65714497233243,261.9873045353109,242.22080825492677,118.7082425236039,175.02497365945064,77.49904527797553,160.2684988801805,208.57036716741362,124.77873073594232,75.53445702983058,800.7912743132536,80.73141165335693
B_011,387.64928733738435,257.76040062046144,109.60900953996175,153.2660694252182,61.184365122301706,437.95237768643705,19.689512753733087,204.89937054638895,59.294040291246894,11.07459708470047,169.52762473231942,372.07410448213466,229.56519608762216,105.37354502161533,105.29693577383989,58.74631192669042,314.72558716553726,1753.0506768511177,174.64408291770945,92.06884345212008,36.35207085588544,86.78281665574306,137.34962603171113,208.63391517058855,377.2937430488725,114.56766844682062,49.41460301124542,292.89109364111926,37.980575453834845,187.0417099035658,334.7656805220961,317.86501258414955,243.94707665794667,395.5799600277093,149.1133187308346,235.05599787183266,149.2360044795185,343.72548878479324,397.5594767887962,91.9486089645808,149.67030111152613,91.81371487568612,109.32394390021254,133.31103282865354,217.2375843865685,103.08092174053438,424.9666094535456,22.182308071751304,62.67944613156268,266.6998841241815,46.53831816102488,61.86135548059492,1051.3862027974799,67.00483913733528,31.731857809261285,249.69808108225521,367.5547133743984,171.04483917817294,114.36050322639248,105.34169817013264,473.18152027820923,257.996518111697,44.87701832234607,300.41595065053855,201.9815832320124,83.35302584780273,340.7423758871966,111.85425797119693,279.09071077251167,178.62527035333272,69.60603979697142,126.37792289394199,962.5950173397919,37.60356786026294
B_012,30.595883381444136,17.48839833586654,100.31367018661079,317.2546748492636,155.4138150153225,837.8990184622351,16.919935637537833,471.9797999438034,35.417100242857025,9.638319108472597,18.013816895925043,20.909944861719772,43.358958551220866,133.09674892851996,94.13641609005612,2.932785828681376,142.17507037971725,900.3185367435887,328.61480801374023,65.2857582998761,31.294455764296963,109.56451473446405,179.18510181103855,140.41520514644813,186.89766546809852,103.67138617858694,14.481396241778064,102.02669340821217,41.37381666190984,278.0598075789239,348.37889920909714,211.0312841814939,117.74071026253685,394.14093595468233,136.9926487070549,292.74056740986583,206.85064680419893,230.12016486647266,640.2679972640402,147.1876199221161,11.721192488645714,142.1678091598601,60.497358529593555,201.52995367526785,194.59694709197282,69.72724970718643,190.13240033241428,29.066973974750034,33.098853734831266,391.85262506083495,23.664360601714446,85.22530943730783,1064.2239383077888,26.862749398419666,26.55803672712408,512.4429730331292,225.18941521627994,227.2615883742141,116.27764792851623,232.0681528709956,2168.1172329045094,256.4018075958758,44.76654322329657,188.22183880023198,249.52119897238282,74.72597768757119,122.7913049223268,134.28454435126832,229.53653538653174,190.3352485936885,209.51969555092117,214.4814352626977,118.82672683025454,108.31540366468349
B_013,179.48208126218867,223.6357632426666,33.46355170117027,177.8420958331386,56.10356718030543,616.7535704592119,30.927744566767064,945.4210676785998,65.32565688835123,38.389525226825796,216.6634884235459,214.99272570636134,338.034947511147,222.3208535577072,204.43240073090894,47.717399349909826,139.95862145100654,623.0640223623429,304.03862674742294,145.70188160707903,23.230061509866918,83.38143654351286,125.20946395911707,182.6421779284126,170.53868026206226,224.5059688563167,40.20694749793579,144.92726500765139,88.05479487061349,133.6385906603887,222.13583135994955,463.65149390932027,107.45998134193904,134.60217360890755,524.3170861528947,424.2963317348941,289.22846084528993,162.40791991059797,549.0479286981423,168.69430420510508,52.964787066509,280.12420369034766,60.486503133412796,131.1851625439614,121.97761542841107,48.3764424836148,186.22200476249492,27.911744448993606,67.33841599871724,157.26369520066805,22.637045428492314,38.748679908272265,770.5914322670578,111.5636586395649,18.104976415999293,537.1683576976714,258.04813134666415,250.05449890873078,88.25234281111551,166.24798973999205,873.92195875161,187.04195375289476,24.500288301177946,157.79066510845615,273.50404008878434,82.98239352715609,135.88845620532302,85.76555816659022,111.02744507448129,403.64544133890786,170.93238533105094,121.28092519662947,626.9487337686513,78.18558556728405
B_014,457.6221053016034,664.5746004833576,92.69952720789794,145.73790981646562,81.6924182194328,467.46858554942884,41.61406100124719,438.29096172287564,66.03425201392909,13.21812627086581,308.44346238856207,211.58620285422344,359.8503001064417,92.64472449004501,120.27481628354681,99.04541722856861,122.50952710018467,550.0700475871508,172.06786770762474,129.83672190825803,21.487200001341545,84.70536257439068,173.63521770674964,247.8623434383066,50.9150728402414,57.623885624803414,29.924970366755115,118.7826323785481,78.14196723922412,73.399757944933,84.84333251752744,126.88226010333346,141.25150076053524,116.79345045265927,266.89327951310077,1016.6640314281743,315.11531145237427,175.53017065581295,611.6164039931814,133.17633670020348,168.19584233923254,131.73769735312226,111.82763841497743,98.93518224710533,140.92466127660092,78.17195411944535,164.55574364742085,23.748367924760934,45.56485186537999,176.9401320996453,29.480898288487346,38.21208633629957,899.1835417200668,40.05802242395489,17.217463057726313,322.3834679188516,377.12585559705377,239.9787409864388,134.5803335854636,241.3514311059933,943.5542118158071,424.87215718526994,33.05114351232986,162.53557379655967,239.80648704083487,84.8407034130468,127.08350668612968,155.01377532599165,129.9788862346745,216.90655582173147,107.7572318778479,147.7011233976399,1767.8136579058923,65.40640666686481
B_015,236.6367202150933,209.8529530187722,54.12764634975408,176.12412302481033,92.43317083826858,425.5485361523013,41.4775443441069,634.2514346602734,61.7598816676026,13.321684670010915,143.11835675542622,138.4637645639072,182.10624431895,63.55142205588888,172.26989753171014,50.85879427431595,125.91837982183762,571.6430768166281,230.32169130617802,120.70247247744811,70.31272442520894,95.8880361728686,252.67700745857942,106.2847250870758,118.47710982313332,88.03271261038881,32.192653812138374,160.1216055155861,34.744641623610825,103.18335397738807,75.6226536243911,181.82722563851033,136.39006192753192,173.61437744873535,261.0544545265356,415.4739540336166,204.9977529645293,397.21283058592724,386.3791944931162,220.66872125936658,357.8904900351118,128.68524819220892,83.5872399143172,81.29350559501883,180.3365405221414,66.89099906692302,119.51055892932847,40.12570378154467,60.246049315709946,170.0092075314671,26.221135938346258,91.01490226507181,626.4331089514677,59.466944064455404,12.328985226193042,290.5810677145831,410.9399951152258,189.59227646244113,51.80261740165986,185.5688025290916,1272.606323586911,207.4081785687879,32.927180748580824,404.43287656632646,176.86294706426202,132.163515790235,53.97815354922132,69.80356114521122,153.59300039083587,213.85703886085992,82.434094016165,86.24379383424986,399.6254970482484,86.4230071098986
B_016,404.66026906591253,609.3098289542464,153.52454134705894,171.23718162772337,98.2976477265611,737.4349952511626,25.79691877306679,1074.4878869111071,84.7502965383909,10.147901267108153,247.22229200728088,413.12949362527695,390.85890373269933,80.9057096778146,157.99164678088476,103.54647279148742,145.56789095220051,1087.3932700582188,154.94572652406669,143.6234277191617,48.127855940869836,72.6897995848304,102.72086343927556,286.4499286105508,276.81235562196656,118.0345287997042,102.12294332034634,371.26924964598953,41.488940989673665,156.4567583605102,138.00606330799658,152.8059598570764,93.25213942754371,115.04615037332428,163.5103953067047,385.821548247676,121.93682484571809,133.88289779176355,490.94961422455015,116.92895966999738,240.29441494745186,194.524163353643,62.15084813212694,111.25522876428016,102.47415647492349,74.43812312913659,176.83304750785678,51.21653945086905,45.674380171591515,250.5280772082634,106.61391490884179,60.23475765797933,358.3153255488193,36.221996803130395,17.2570365518864,257.04130202418946,390.0923626093826,106.85241400182466,37.62503724476897,183.15143558187057,738.61841752371,305.0847177911888,49.858739362425005,285.31615571183636,145.33337814776638,111.39977451957496,227.03699910350142,93.28924936458013,327.75305434911985,174.72713461183184,111.1055040110559,101.79771290062067,1063.018404277684,89.92859651309128
B_017,412.441774173926,479.76254053786266,65.4075504730955,159.76301637962518,112.09193480811683,561.4024249797368,24.567431779211425,472.27453712908374,26.93011089792224,11.727160402732506,290.6226977938825,370.29347772774634,199.08957364845355,256.34429168035336,76.63769314337321,67.82536955968877,176.31458465508643,547.572463290773,326.4427553269925,108.11239904683084,30.21401655376631,59.41183905376784,99.04167106633751,47.40830771310146,85.2225457743329,91.10258421131269,20.032185615536438,184.13780718780322,42.24309131405167,43.44681351806926,97.55300070111923,136.37798538104877,56.271543044489306,172.9935673862638,350.3630437018056,478.15699917962866,166.09157324763544,251.63819432674256,318.50185706997945,151.27882649583609,183.86412770839635,98.54732727840992,57.666398445134305,101.16532922357035,208.60144277678344,48.61845431313675,94.69564722633022,51.220348194452875,21.774318404776132,250.65512949274736,56.699996502475074,66.35490136335349,589.8641812298805,79.02571389343566,27.35304309830865,428.571079581869,339.96016382463256,341.65214252508616,138.37807121577012,202.20830411180333,1637.9532325312678,349.7772529396855,65.91649411622888,360.9323871284283,173.06562681135924,86.89797088572817,61.096112188787295,85.4180565504267,194.27313678940433,431.5995095606949,60.939854376074045,248.409814713632,1067.6286683203264,45.29831702462012
B_018,41.21405594260416,147.104753063191,150.82162606161899,120.06170155288395,96.17581929283064,438.0090849299665,12.995248156055002,385.35660133856084,173.3679635451816,16.210293850995228,134.13698312550304,45.532224258361694,86.81911508687911,166.8120027920094,135.98118258660236,25.693681050386946,166.6144259265775,1287.950360918411,283.44489890062425,80.33208999601352,51.135634159872346,71.79226221051238,175.33289812014016,174.56239233691295,153.16715535801544,155.97707359526692,48.784058188047275,396.19264844872174,53.24215568605671,107.39627134046525,108.89546506993777,199.29086422327822,193.96239106100674,225.00922295369517,195.9349203734175,278.673781269861,197.82036076278592,164.95978910798337,1031.3859552369313,196.3268511099023,49.7430962137604,256.63371879054523,44.93826135298222,149.956675213386,90.75479842042199,56.803118053721825,325.4314460709113,17.122735836692442,39.21284277027355,375.54719925692456,17.391130168178595,41.09619400534212,883.5149406549543,43.49159805005432,13.889278424673629,261.3575767514756,252.0740521665225,311.5942395467847,124.1728648005318,290.4441541038315,700.6189842398717,137.32264081574064,50.99702190872745,351.9457229641337,170.18083253550932,89.94107557541005,157.12762928238337,93.48208365205373,82.04122578668462,187.22381528508828,82.90623366438243,149.98602123952261,394.1214628433771,92.36631573787544
B_019,359.2400364225279,299.1661420960675,128.3887056808618,116.21318010850246,223.31167690202386,388.7575467712706,27.882898481620973,316.85809824683326,49.00063887500153,14.748350578106145,423.13245256586146,609.0847271287257,435.926606478819,151.99450447584533,128.42749277879057,52.088300400193894,159.71606597905375,681.5725383072859,135.66234757327575,105.06006607234771,55.9384610717636,83.94363334794176,131.04187307364515,148.11471521358172,175.67041622861618,113.30571957788241,12.080480309497306,142.09697755051434,44.672102467814746,89.14126370298585,77.11958361263974,160.1864626701895,73.9294330044289,108.85454865733654,320.95290930161326,775.1070678481634,265.50399788965365,256.26998413033607,552.1708989043095,130.625760004476,126.10776938268187,137.95144748281123,68.98026855850105,113.9465671133714,175.1581161512342,104.90967575432212,60.16986862442143,31.225878393109646,40.15182088598187,229.14195906386843,85.04709560300833,137.40073902520854,372.7753833379386,107.71926533206563,20.843965689854002,447.33410860404314,252.17718800176706,196.91498592974312,77.96983109764237,117.25129810442407,1586.7363231657855,150.9697815807111,40.88084604604362,281.16763136536395,323.7519506290833,95.93422968821864,71.41086068186611,120.66899739472302,184.56975667556242,439.1311801979016,117.27573645144915,215.47138238393094,1460.2607329270506,106.10352400315698
B_020,318.6761144859114,542.970718688461,116.3639854853054,200.6049830451485,106.56878035218472,444.9605318431457,53.2710429347495,479.89398746679495,66.44537554326206,10.502052789411037,162.55227657830378,359.5782752427384,486.74048256216554,94.49758245429857,219.14877555063603,61.69915824269334,200.59717500496137,659.5092637867482,186.7580237934257,115.45438366562801,35.38898532677098,172.19418800850661,473.4115572323131,349.68260878144685,264.0570585740411,164.89856798174327,27.790290099053273,174.8980220797696,87.33366161647376,272.40562118222533,221.12866948879574,502.99499833362165,217.54922646737617,360.6911087221994,176.268759724542,301.27673076652667,259.3688760354858,232.72418832729565,1176.448357028895,91.11308675265421,221.8925051509222,213.8273594754035,77.76664936678931,126.86934679544945,188.32479064924485,181.29555283875376,125.544761494689,38.55481440041985,71.38205325938598,238.65635242270739,19.596232770259125,40.803896915350926,1228.1157448087679,62.156595248561175,18.978937424620106,327.0937324116064,177.99410731755154,231.36339830234698,83.23888611819963,221.8968036200187,1062.2268631536517,214.15195609030798,45.55234010319247,212.6516367180941,220.38690267952552,83.75370339353965,98.76621548230013,50.99351744143183,169.1476354242546,204.63862654653568,84.92166601685588,160.76073643697248,1766.6165807472514,50.87403257624899
B_021,233.13745049192988,181.82984340694986,172.93180480610195,147.27335699584447,118.52714066688608,427.9848443223178,43.88486769661699,582.7291094791373,64.3001107942547,19.384642986923392,130.0730351341278,103.64871361878996,233.3836322847221,105.12176572696201,97.70371626006103,47.4030214385714,172.66877964228865,907.7095118767518,147.74915244191462,86.93274552628458,37.06307403888966,61.432957072648954,136.27637687501388,547.6375777309013,920.186439608751,1668.6380594243865,143.3244885223264,506.5711740369896,106.32237912870293,74.4554799306136,94.4668345159375,179.8141526088343,116.52801036234308,212.0675724478032,221.25957562276363,472.4495111922223,217.83544227760845,124.37482290376389,530.5920253450852,100.46404583916961,121.72264736903516,352.67487869779313,36.997862615981084,106.3972155016223,283.1320152760782,67.2665093132834,308.6651439749155,69.64354288769348,33.57184854475658,266.9471524195962,59.980395672146194,39.077807680323325,839.004758273451,45.99011539237163,18.486829363416188,232.06664026602132,169.6346191118953,130.2459214419675,131.11844414818555,109.20636440550598,1245.559143411192,257.82724542836553,100.51099842022668,268.7561116791098,331.20041175509886,66.51626386245589,680.3424249422359,116.27448916084305,76.91787472204184,233.48824150918983,128.95768656540312,270.06859514646163,679.2117533924483,49.53239225384696
B_022,151.64142317487168,173.11388603741344,129.01835486718417,147.53566675239023,61.46568893119953,551.0009389501241,25.718916311551737,249.30729175590307,58.11255826616207,15.012575550808226,131.48808298549798,258.76064921410125,173.40070277909643,122.7476506801166,231.64776225767733,26.53660515016703,133.355174337399,769.4641368334187,104.85846017806827,64.72303880803499,43.12432876140312,128.8263574495233,133.1574629976491,172.87138203607032,96.7676829466598,113.56685186171994,31.159183690646074,144.9118567651023,48.2257089592387,147.43394531720736,138.44510670508916,114.50783600571165,170.05040661655238,124.73829991974006,126.46452690005306,243.1497661521281,335.9620262215706,451.46118622016405,498.97993843722304,195.09395716199168,56.17095205736385,172.16474849417034,94.32853778449322,97.85692409109143,237.4123374684752,140.12483931368234,101.73937863117601,33.0141184603144,46.14800601763563,227.11195219156718,47.00751319328842,95.98587251015951,523.3712282083201,57.6341408310052,13.134879494402693,262.08079465007637,271.0007213337697,161.6390607447745,94.14946386409514,361.93617510547534,1480.496890869093,221.34617716331195,59.07450815678969,461.9714611486403,281.4731034062706,64.27583364929954,123.82776309454225,55.520031753022096,396.7150904958743,501.5969790580238,49.21119328552855,180.5640394878914,425.8305245668746,60.49689955524346
B_023,68.58330554223619,70.81664381445758,49.82021238186302,142.98408022065598,138.36164371394545,1797.52753814237,20.18579764291422,521.3489294585897,57.681448782472586,19.885520057962836,78.45118388856093,78.58195073052285,61.54760732489103,148.67645135797585,90.49067761172492,18.34895011493969,367.66719281864755,749.7928344124601,168.15492741687146,133.68166765969255,46.26352563976573,89.17539178612851,116.55498658147988,209.88378284898366,198.73817079539904,227.70601595833938,49.90798242694551,198.30651788828038,41.827605514735865,66.83807454050321,90.21471518465655,220.3716848270202,76.1848105918015,155.92189105115864,486.7690578830436,265.23483622618687,326.81434683756686,301.49683603189237,330.40154235787054,212.7478595068474,44.000028734215185,317.235681200458,67.70189439071345,127.20854357080592,131.72761223467927,61.20174617724225,138.13470025209307,13.942536713900235,72.39113420486643,624.3769454562218,67.57560654626805,32.14846917457252,355.4039749816582,61.32646986847526,24.87779135428519,366.95288487502086,396.5221112005049,242.321663833759,166.96855753370414,236.8837939265328,1618.5307998932246,224.85721095327813,105.32226791575134,204.42990779576022,215.01182661843208,100.91297350934961,78.6389987752939,125.60897144576093,349.5437242884552,315.43320624837486,78.02319313670985,123.23526755491886,141.9190106227316,64.32207254449355
B_024,138.20013945832292,116.69042214421165,56.06710319487242,129.63030907462692,94.10722214570704,503.1717565312959,25.101472104295055,941.7872892524667,32.46531508900622,12.904589459622681,45.39531583727756,48.82139926996021,64.63064946651451,201.4050279680836,101.30606870976857,9.835465136658772,267.7665932106503,862.8644762641516,153.49545916459965,81.37006791105252,47.48594199915286,82.37562752733281,189.34471703272544,205.44192231201367,92.21802842535034,95.98725492999951,43.12633939410203,192.8532709800757,53.600201783451745,46.475832135300344,103.96799820241176,147.53772778192462,58.61697089909342,182.4212280487172,303.6871833452274,277.67589137199366,299.620946814264,88.62544933742346,630.3696945649385,232.8138814688281,43.128486769361444,326.34387949366925,135.4837805313882,99.88493194817987,128.5104684586663,98.46712670535554,131.5878962424877,35.33352859098666,50.96293921591655,306.3917989692968,33.094289818350816,57.72351439852353,806.2444923040518,91.98647108452806,30.22563424670673,391.6675753000136,317.3222023244919,133.8738109597596,168.52180370544136,144.35230687474825,1267.8285781927268,414.23338767743655,42.123605501454605,97.60241038953318,157.9944251604591,79.36264736039095,123.62916928969295,93.1024776123847,145.40100920547798,209.2013158153064,119.61786555660125,143.2707895173329,114.90079116408533,54.37265012814704
B_025,108.65107093941675,133.17869046595428,126.27066978193224,335.98803802160546,106.23096336455342,539.3876901316546,34.81732456016874,410.68222977083326,26.579916106267902,11.049089814272593,58.31186843705808,81.80423985431659,232.22178464213155,107.3634700411563,111.09390370255667,31.23870218733439,308.768060883675,621.8307025827739,208.4625964961758,140.37882757208928,36.813570546990846,61.736994801952925,178.0717135628698,265.90855969755347,423.03586532881394,263.0281472849672,45.21809815216602,371.8298408710476,30.356723440493365,28.422301689543364,44.06471089511575,88.93222026778403,68.701547100552,53.45693007871417,158.82371875955113,280.0907135987292,342.89444311957993,186.43589001211652,467.2177014777199,120.24790794235035,26.57628149677294,280.39810166029,56.66744076971445,163.50032315402268,348.1047437294013,91.56485150271762,70.64301278305862,22.696806694967812,69.07801638029652,128.65736039103618,22.24502343549484,53.3524341596304,652.5739897174929,53.7692403234924,22.554057584713476,339.4827932641191,267.4721950859159,320.0023824774559,57.416601952710344,177.2084500673123,790.4834854788587,317.4159686263827,56.797386707610755,207.7387811698684,197.7364417068603,89.79673050588126,264.8412041324465,90.41796618229714,193.9700748871666,328.2213067914044,114.90473065894832,80.01357455475166,419.55218397776895,62.057086561333726
B_026,95.13806072783034,290.68745699739094,156.46065886567064,219.79770208827355,62.80788534224838,707.0377562234746,24.966862950118355,310.35299959494404,106.19207632162548,14.713993488792312,141.03744567764082,165.86549557328837,78.76977707924183,217.59634603468777,161.4257194001558,15.82650431716483,191.74149663393007,1087.1803912366297,349.52673240383456,132.0095998257982,23.927048512073885,100.19320678805968,128.45364062137912,68.76299410849987,119.85150341583805,119.98584383302814,45.49826147407893,107.37230155183335,36.2460349688398,104.36245764679904,172.6646276985903,147.03122949281055,120.37854633122019,304.0277511829354,152.2595112501439,337.97906381633265,274.4685713281649,160.96535988371966,260.7082363353623,209.24274272574206,87.63199641221136,258.5804293539655,53.68160065079732,241.63710790636773,130.05079352967428,79.45036701857353,157.1512538809789,26.474627054063866,25.61959085904547,442.6639733933588,26.582316001854498,135.38003261043636,519.0536760320178,58.3311510477696,14.261156789781653,385.53464959810555,273.89479321650754,373.3169179845449,126.78792521274747,454.046097023932,1417.575901604595,310.6783204343163,62.87995868832796,444.22635255132843,741.2787753306446,65.0292722229195,79.00134680389917,62.84847875215731,147.03450479688212,309.96703459422326,47.8970036162787,57.562177828756425,413.54574273663553,47.14625209413932
B_027,193.99086456250544,269.33901036077503,95.89285120493048,165.37838150381978,107.58890007602061,831.7753701967725,41.37039281637981,253.05999229193148,38.52253162270061,9.263668550104716,223.61878043620047,206.3694086457627,395.5472860691601,120.55555584749727,169.48528516409777,64.19034833974153,324.2054622815509,624.7899665700847,143.13155620126187,86.25182719946973,27.2938105833441,69.12843415120464,183.45757733611765,156.14579352088734,135.97666197796087,65.5550110145448,35.07680530630584,240.04465959222864,51.30569712030247,54.49184671743846,72.03693736357312,177.63070326647798,68.36090053844873,133.68180263512699,407.59222929923817,283.6405168733515,469.74360344982586,105.35499329871381,222.91425835016264,133.99684409535354,60.4745127158125,111.15187856575461,42.0761006908243,41.69998076663958,168.84505232821243,56.18457156520833,134.91008363495158,26.82479543925212,30.488020592397074,209.32740475778635,72.4119199232698,83.35030186192701,757.6644695633461,45.84157470677436,15.373538988530452,213.23371276265243,150.31034575548355,285.76315353250095,68.63792381027395,147.7884285154809,759.6415921638242,276.88850345449293,87.48239430500306,127.12922119125307,216.41827878166598,184.6799156800812,178.4330595096973,70.30454244260015,343.10020042673654,448.3123010987123,82.06903900747093,107.44567709065757,558.8529305329738,70.54490203218405
B_028,291.58662246543685,459.21408216997133,109.95085091443056,243.48111472956413,139.2560738973302,450.5803197977245,42.047759737822275,195.89327052301758,49.891627679466666,20.2118400779199,494.36532308892583,815.4510443625335,556.9841980588608,59.5550684873005,129.22912443783645,157.96751203157157,174.93639125929596,649.7017803399852,121.55848956292438,155.5775412784853,62.019782318694254,81.1863602108307,136.25691769862584,107.93503936099769,209.137248064304,350.3447625481493,78.57649440143648,269.6133335704585,123.04652679963327,118.64500392096299,218.2703082711815,485.33490889082236,150.9933136618903,191.2725939571987,173.00307582964027,368.06166882451953,267.404451131477,174.05773859648755,543.1692327664448,196.92225258879097,167.0859675756778,253.82883064858984,50.587931404410554,85.00612602399723,138.45903308125676,114.75117910126338,226.82653481366694,42.239621916654016,46.75650328774828,208.05882369698122,27.346288733659218,33.20336519174283,515.2402512299341,45.45648619027604,13.53793897391123,281.87072974049937,444.59253245027634,273.83369063864814,75.8595143885601,137.84936252897796,593.796463594858,207.45093326849468,32.70754486044815,153.22244097640788,255.86983698984318,100.6571457077729,140.99168826007744,83.10298320607443,111.48000699861637,220.31031770379678,148.64448590849938,285.24478234029885,3778.395376164228,82.03344759296937
B_029,122.15409737561174,436.55459111507713,131.9581834732427,179.82196365453072,120.9021480226859,400.8266380259203,18.181586916674203,276.3445880385958,77.33153796721285,10.301983175079522,217.19653585437027,294.3921665955226,263.64276595053235,101.56457052246473,115.60428053162143,64.26590330690145,264.5280084864961,1119.6729631869573,270.3145710658386,70.9873240469195,52.83226845431912,97.56820412549317,183.9029318393456,281.38820653943145,340.80941614635157,190.01510276867126,50.82096878848038,208.51455155337703,43.04130246933977,208.2800264276704,229.93706772539048,241.31144086795007,184.65905406343452,731.1596572557094,136.52278783659932,236.04445291900765,204.8509312670626,372.4036077780843,1015.8248235010257,546.4239566233924,249.84508038953956,154.53717382616077,41.654111419120355,89.34465020636375,232.8505735530591,87.82671888924911,406.8883799215819,47.212871949803855,26.38683813220731,405.5076932435952,40.68479356262198,81.55402914358835,956.2281546930161,68.12558165729631,9.498753735805174,215.4735033097961,435.8851255990895,369.2642664776939,177.3044442798968,336.59732492687573,604.2739586250618,296.8183332155557,37.50712636001106,151.68521855655285,206.18086430690815,153.30644357130296,253.3342824105497,124.91087069110391,201.67706145128156,198.83177805634566,51.00847358262689,135.97079080150257,897.7057397602729,54.41404321488179
B_030,531.4554726648348,290.0584030238189,76.2898172436534,229.31692755177767,133.4154897493347,746.0458033100261,16.588514341599726,602.8934408531201,51.882097260056526,10.053525844661447,330.09359879913484,295.5240995528139,357.6220001451954,139.81084759775266,143.3716364624274,81.04518533664475,158.93276509315916,1031.06602376449,235.88995535826302,174.41443834746678,30.640879494323496,110.48445530116047,236.4021324439966,237.92500213900263,173.0872473149158,204.55002264428154,21.59475520412999,187.5689361788896,72.29119510140345,60.06702196448602,54.38739834515884,344.4457585742079,243.08873301804306,115.86794454836217,200.64117990764134,424.4871306084196,367.14596274332007,133.91160905167118,567.0336685665746,231.07101824966546,148.58568400329716,297.6626374380643,88.68779702417945,127.55931483141518,114.48110951166109,99.9937873115672,205.66512819228177,38.53027644644636,46.158755706358036,299.6207959243258,31.965477574443106,116.19705478208681,362.5525929994574,83.07778142129727,11.401988749244232,396.0961170611809,127.35683412521291,227.7392211894517,136.7794981329646,342.2682447840897,636.1086266950284,661.9592749722117,63.71110934820905,289.9682175162699,256.6194924139872,66.31443814249278,57.64272735578781,82.71405029425387,481.33502578408604,267.4039378545376,51.18939858139347,89.37226390980976,2922.077284688619,154.7193951659394
B_031,236.60234082122017,492.7341358258846,108.91604254010348,173.22416142024804,73.6743009287812,696.4584565391006,21.018500717389657,508.7497120552616,70.78706179526138,7.970826522724426,202.25519153288838,87.68627680207774,159.3977013197544,84.54986587843976,184.1348866800274,51.817484053714544,212.89212311997167,745.6970767427372,244.1786174054878,124.04780429647992,32.55119979461557,58.84125076317995,205.54702467098724,82.8811038531271,157.2113758349342,102.92664953831861,26.33469279952047,94.60545461101985,48.13156941521448,224.97671474056733,183.64145697819941,192.47227033981426,243.19276078674977,232.80044208126316,171.10366234852808,425.4451960972626,322.487175332316,180.50008284799512,405.34695021076664,71.28042799245797,272.0080257399466,188.2520345960318,69.893193448613,149.12274844615004,338.6172132526451,72.4536038699318,314.6650799264442,15.882835951519812,36.34966995684917,191.9092885960702,32.76426006208605,91.01434691906151,418.06931487592277,80.866103871106,15.998111155299917,321.5261023501107,813.1011396471766,157.71952640325574,96.61852672815945,190.29508888828332,1019.8312806108378,328.06748490681355,32.01131546075206,282.6232282843524,166.00813846230312,82.20839385179691,88.95112954299408,70.54023079858179,117.0124083043598,281.93143387107955,87.8412290914373,190.86698591330511,324.0303712679118,47.76925013302242
B_032,150.5245279978799,239.41761324530916,67.3320727610338,166.0907243601212,71.79011817785536,706.1941878873397,43.05641566865328,493.87974196227844,13.776370167668777,13.750919109048695,181.8646845769075,140.82516730589924,168.99176251584294,114.43341267511545,124.40016038156452,38.20215100716035,286.0326301122666,470.7280347699211,269.08488317663245,173.15602987784584,38.023964106448425,72.26104595616367,190.7611530472587,94.83251708001066,286.666339543644,386.9575168289948,131.2752919506561,363.46910501728075,53.30388879514853,31.43105119632294,41.720804496002735,53.602570962215765,34.536801959839785,69.03433754679511,215.59279866858486,171.8714929666178,249.80500572190047,95.53869708788038,702.4782647358189,191.0987385239522,86.58765439142579,127.99841844134812,45.584062564620226,235.47583804466763,250.18209733134174,84.48544271936137,48.06802236573859,31.515510461326897,46.768699178273565,233.37105254958692,15.894436797612524,54.700955281397384,699.3980444270346,79.98114344741361,16.521899840622616,253.4205858110336,408.80121501220424,123.20778670795987,135.67922767081996,340.36064956303846,1177.2524421790822,309.87311556049457,29.28482214552672,177.2291122373492,212.26556957355845,176.29474518952225,417.66281794276296,191.1905169598471,158.9029388349411,300.28810174637744,77.60208268317594,74.32265473116077,896.9089778644168,64.7414767114724
B_033,198.051488279363,310.33048984589647,122.38862998598154,284.8557485896683,153.7585328291778,503.00567528291623,26.946520495429567,1054.1902707709635,75.76669239482567,38.70196583859946,123.43059136348634,197.36580024489913,141.99741047516952,62.93420973948795,94.56231702433789,33.69663871818131,189.61777408924843,809.723517785303,166.2784548628291,94.14167300435173,29.448235387147985,110.2341318628587,84.92688631439687,220.09805984899378,157.12724632668477,152.31735751182106,60.085500210334764,207.0213557992545,89.27403888931863,54.119826127257944,119.52217098021858,331.15297721412395,79.30643755202559,202.2452872818975,314.30219301475836,241.32426586612803,651.8770897377404,236.01009879625482,607.101691085714,156.25533645751418,45.90632329219934,184.86743689454966,54.70842155106454,118.46812579661174,284.838304235259,97.80441163930901,224.1158838073282,97.06672401540652,58.83152763835049,385.31273766893696,61.05981660122033,82.52236506173932,384.8265890322484,44.1091517690739,13.67537803128408,257.94182386954134,351.7069082724457,464.11129462895485,103.87566238089818,304.5260673632741,355.5442160401549,279.9959473402127,44.54370465086554,186.5741250352957,160.5937302444991,85.16000393026118,133.63537669943298,223.5050218198375,322.509346905751,241.61034168882352,73.16488716545322,112.32657890633119,674.1492158675059,94.33828803454647
B_034,280.9040105605101,362.80842128696213,63.48746491491711,328.4964925246224,98.16326528777962,386.6975874345502,19.681730140104076,443.70577563716154,80.92631946500296,11.46882681665893,317.66950491635237,333.91365497520337,289.4494630612496,154.21555350678696,273.7376940033787,86.74296573003846,336.02657992582004,1216.2771178476771,230.4858108321774,178.68739811695858,45.955222265104645,32.00611592329044,178.47608932907445,212.66995790693005,314.353264038579,151.88459740974224,59.571049554728475,262.22781715096215,83.1479463226098,112.05376334959345,158.20893876007622,302.5554153258664,75.33823574574619,147.0049331207377,313.84382067529924,202.93299311355065,244.0311632746687,248.7197421657687,782.0060656091445,228.35714201393026,104.5179750600518,424.45652169905617,70.3849450892144,257.06015709120175,76.8899625994189,62.89487529084088,92.53449242809306,31.95305672529043,18.365795830310503,163.47090596778585,25.545313470454698,47.42893689821014,917.9102243139341,94.11356023116178,15.493034939598399,225.1883733609404,176.00023079854077,166.0563817347551,52.753095633257175,137.44187394427317,842.1603362697574,267.7080185945382,48.88152203220648,328.1465597763094,267.7872794397648,77.63889141662398,135.1372521087134,108.61110195072165,193.02701533462903,338.5417603957069,74.30913787917333,293.61871995261254,1264.2545985997333,44.91527249084526
B_035,97.1619451348272,95.91915637162212,122.53486388074207,150.81767670974327,61.16902757860108,613.1352196981732,39.548232415260955,519.2880263529855,36.16656896383108,5.407018404448922,61.72290894579824,38.799183225868354,116.51178220720871,97.89742088885889,191.69775921800905,6.8576227572063395,268.9892119307581,653.8024096537623,221.21075076032798,178.36407111731816,21.476088238808487,82.83053002807355,98.20395431298122,595.2980069496328,639.702685684322,324.1323935810489,145.16383992868685,597.4580002387614,41.07664064521988,43.936329032322114,49.653778969418326,193.7884335071503,81.18818376519683,136.00103387259878,520.3414930403557,212.14831349977482,409.8626861521441,138.36528044728266,466.66048042349087,110.0197067596519,37.690352226841746,140.6170774872197,101.16137265072236,133.28081150198247,266.6270547547092,47.829884944880945,162.83496669063223,20.3798677743602,26.536740737746523,372.01838689537476,63.87738241976416,45.826244406648236,1171.1173296734148,45.58571863120104,9.286876477760137,275.5416785430073,236.57620654464966,210.04441978114843,66.08196698275837,275.65899972189624,747.3372089149889,293.5523921367089,36.926284887465286,98.20612635763057,239.12475722641895,59.24688191963144,335.83971674700194,104.68433108107043,190.7172541614549,285.253828539588,91.71375413619269,283.48331653498843,231.85057900044677,35.54008130774358
B_036,160.97905707154194,402.2394051443492,131.14266290095713,148.6511062169726,58.19042272815116,306.5350806434251,29.50705001973072,247.54705030699088,56.90370195644469,9.981809436472638,272.31290410914784,278.5448864169473,238.8202835051178,45.28562269041223,139.26566972815635,25.001741369962794,301.96722291894395,732.8839315902616,161.3972976878611,71.52236451047607,28.689610024435016,57.97997149100271,147.87544701422158,52.66086375499937,182.20514915682875,96.86909293298383,22.606006123172754,135.4300179940232,54.28513288180254,185.1108446067112,214.63394078484484,173.08158942698648,147.54169522778994,205.64086244904826,154.34709472876995,208.67422033068806,459.2951312162802,292.9387342169062,388.28718627999945,144.71986454377338,219.115737040313,189.38476378216063,64.64683567386241,94.97697174378911,237.23278474013685,35.548878104388656,144.5657169922858,30.624448693416756,59.87122083803348,430.28531391115155,58.75288352085382,62.259085841489224,825.3035279493332,63.07509934624244,8.127170454607478,306.61049705827725,129.56030005331664,186.8427503181351,113.7179885350076,206.484789484104,1448.966490371432,301.33896617845755,99.9277392106966,268.1848157713269,188.00856120059984,87.2779824314894,76.88876449598868,28.56385743105325,155.0003495011307,237.60059960746386,75.28553300836472,127.87431369642195,389.37632086068203,39.491528829887294
B_037,294.2742591168058,421.1388298922023,61.20871866457489,168.2863427216601,104.43769768255872,970.9378495237827,31.036673127547594,548.8053635382661,36.82561024227643,25.981548472268575,183.0149170168644,314.6814305774573,279.6659367203776,144.63369033128845,122.7339849524534,73.11535959407782,206.82807994865036,1810.6960145301236,147.93094107264736,93.47505221322282,53.37595555907938,72.96761234111365,271.9946485152493,736.6638653310766,539.0748350800781,517.5356482820595,133.93725571881077,1666.7348539000052,69.79074214337369,47.689140811004805,56.83103103223436,100.28291384654554,146.3023734220422,104.2885740819826,130.49820913291322,258.88274939165376,261.4332650117094,179.60235804184043,651.6572613006562,136.67255924459897,116.32090828185028,173.26054851474797,37.226229266347964,203.2429964067049,177.03992539203352,67.08298341723913,151.05169166164885,24.055624394892106,22.62700375794043,124.11717539346921,66.17705576938111,37.87292110857146,717.9864885788967,111.01765230832734,23.601110987174355,254.10228822059028,213.98034614540168,294.9567348188683,133.29473810272444,252.0156126326755,1054.6674347167798,200.16078047442588,56.611591944686616,194.45129575377126,248.59143763826125,77.1424024673818,518.8923957132588,95.26970314706041,118.20627032140207,378.3875947350652,121.44183122513888,72.54526038394229,534.7070042812553,45.44355330273823
B_038,125.47740112672342,190.74348442853756,70.84719717268035,121.50902211894108,81.00158552992562,280.5450471644286,27.488207318812805,420.2101448950955,88.25507131249358,33.9529898618973,108.7857631552034,193.72610942848277,157.74706908505976,50.038878841377894,173.76209482662395,39.6975233695213,152.30348830239393,1685.104628896249,181.5043770160953,126.59044199981489,29.679425033516154,139.60998422916532,155.8711493666676,40.365741207889826,81.70462987633243,76.2172686941685,17.66433106004431,87.77698226677848,67.80792948120276,84.31104782836177,72.54138383038944,545.4599000415647,248.67335038608442,184.42714254446574,157.94419469039852,131.766676516945,173.56975700045115,191.39778698058973,344.0927989070235,202.22517888468073,131.99489501420527,229.69812953864545,88.58114488848535,183.5033282361889,148.72312282717704,83.83564567466892,204.48218774729312,37.88329125742403,41.89096467545622,364.60040463070123,61.804909208789134,31.73631666316915,725.8575514960519,119.6506468998129,12.992547876166324,269.3275309096287,282.7422118659161,318.60520435907074,84.0998614879121,270.5324875635806,578.632700830653,516.3694127057935,56.42599000166023,120.43693883981067,165.59731767234607,44.906963527625976,62.207358403194476,55.88359890055048,187.92465824618762,171.54501525002775,55.742054561057365,121.21376496244177,1139.663676819174,55.44031312993371
B_039,79.03732007216881,41.255444059254586,95.5018141082468,246.74075020838205,125.49933384417092,391.14964042879876,55.516143098948895,323.5962633933991,104.56623139740312,19.691195324837814,23.22274531451728,30.635620184348245,47.48694794750718,44.71985433366639,167.44982270201473,13.531925947327615,223.11359322251087,457.579289878705,401.9330885923501,123.21911192903302,38.40732481679515,66.43539743594326,282.7048383206704,77.38918880630932,101.31631126636374,155.6749750344418,51.67986028988281,110.38636262138336,77.45951020229487,117.64263854836499,102.2618427402187,207.8181087943408,182.53362662692538,189.7932300733296,195.71348425904915,246.56216696790693,426.3529116162526,134.72550883922446,521.4950227594408,244.8907326160464,14.88934229293925,229.5853352017289,71.00533085153525,115.26938581146884,93.99043621327054,56.26418435849342,129.5277864294065,16.33826004452751,36.579018002182124,209.25488512977222,34.833889038452824,40.23147898859227,672.7642448026251,51.2864278490436,10.525135792572307,556.7633756489471,204.38431798523573,171.95150087666494,90.15045591725362,199.06411494860748,1259.3675615397278,260.1705594874015,65.15905429990508,179.17636029875223,137.6563299524224,120.71705045874467,92.99351918948481,74.49178734558835,158.72823950225848,346.53476347291394,75.7095553104301,162.89865093003124,99.06883040205425,38.77141358608989
B_040,105.04296154402171,84.09960553915911,71.7573668547584,267.0770882119773,82.72919184220062,420.9647753842347,24.237936593650733,380.4940137136682,64.9382544806476,14.368784654462152,62.853871212934195,48.210543150147956,63.940846997218145,133.5970678344751,75.0848829370877,14.942067241366795,202.9987126006155,678.5201026463059,224.5708562469658,85.04857939424384,58.58490475995782,70.00703509768041,125.81635938638378,302.2329018957396,490.0836533949571,384.48962101777954,122.16836776984688,315.89330468181544,30.44628919303669,112.71192133155725,176.57910236850506,324.1537978487391,199.9438135514823,194.24165925726322,160.1518655455976,290.97433025779793,402.70902895871217,171.28912537829692,1090.9513070702053,312.69483706943527,27.227178865431686,102.83775843514243,80.58728736852066,225.07171082517127,240.89763262754357,76.59005241039729,155.0954552630403,13.080848033947916,49.171172357416374,303.91795572424917,81.29583822245458,36.886354383604875,596.8859730453536,57.707947938270095,12.416598758834514,344.02238781565296,216.08791229682956,198.52293466074377,96.58639887735252,236.824409137257,1979.4118508762404,237.73811190451673,62.184430887610915,274.64660213631663,214.97208869678352,125.40125636723486,205.60054051976923,232.90594941084342,182.9420113349182,737.2613644215463,61.02490439731271,205.51809865894234,162.52711913557854,57.79848267194002
B_041,2781.7102557872627,2235.844684621255,68.01399292534809,83.29666709250442,100.59655801364018,771.9678403643088,33.06628691397335,503.93692982761263,33.75625136280516,7.231890907403628,609.492335261163,1496.1068301503876,1802.5398044087237,155.41653470142825,95.31039406725829,348.6656451141372,210.59110187323688,683.6470797924839,212.87050552978883,82.08047178568762,46.04379121355923,85.08698954606932,99.88980372497417,930.5308591653351,824.9149867813667,639.7606135808786,173.17175525147823,962.7901754340908,31.298662737830647,63.38587608809712,66.86545216136201,193.2313916231155,60.468415510312035,233.60546417417416,251.10368038790284,276.4160348410498,215.66962027346966,138.9945353716759,1327.9850082636954,192.74017688261475,342.01823106163505,102.18070829318066,34.10737601686421,201.44851751275075,220.24186708140607,68.88657213212606,106.26078061872688,40.03631365196764,52.806732364267305,306.53210496874664,47.00075783665333,28.911594031431882,964.9420065621867,29.418322871174627,9.839032081510501,548.8501302500605,318.8294571175622,93.94418853948474,63.705347708850255,228.79521811845535,539.1105912854493,508.0203935240934,47.05228329867955,348.36859387161155,165.70185096500842,51.403746372448786,470.41411505849055,122.90522608659381,93.67154421733724,301.8444848814554,57.37705023011637,211.38366557008564,5684.136354210141,67.61380385144561
B_042,204.7805194932331,276.47104769687525,70.00445683942766,256.6423546877313,161.71102259598226,1183.441235626114,23.47016441455876,532.0838088687583,77.4525695260384,22.044904603785703,287.39341919245965,241.51157780881627,241.78447400481772,127.94084165035954,281.63071301151757,48.95312749487801,453.66370704306047,701.347878735817,229.39186892033567,78.8788088908072,40.26657193264119,83.4511379914039,138.990640876401,216.77511673107242,300.6382066947351,322.45318134882694,141.14537251242663,624.1007353320991,58.53010885293956,129.66437384879714,135.98005635864433,118.63232936270761,92.28632516082254,348.5196464723734,192.07414458168373,370.640704333411,474.2228520184696,358.38324857013583,647.7168577645657,125.35155190085085,115.69138110738395,119.50096552652636,56.951316807167636,150.3988827534766,191.96124032738894,73.54050916895031,172.1315015007117,40.06600176830908,50.802032110792915,495.8316782185688,42.80997636287495,83.55935246883217,706.4172065900071,56.28420960048662,8.146091640665556,422.0236597977211,372.0641920052283,87.63149204831555,69.7745826684745,156.62237618606673,1841.4394071498036,205.07927868937182,21.67723433147595,180.05934644751167,236.79057034641147,169.6640402733521,295.4142110963624,53.26848678941425,112.92183636478143,162.7867616925725,68.87680311900534,142.1845039278161,980.2222234277365,60.488931057090646
B_043,285.1535875041508,233.59203410312585,81.7897941863436,131.15493981032603,162.30766679861048,394.1159251084336,43.04734402814611,331.04417199109935,81.5112746101167,10.946677488890678,192.542568865253,193.67396528204827,285.9268466446736,109.79810513731509,103.6324849571439,28.62948837578251,199.68338222879478,699.4246814205753,88.90067734333412,83.21235351539241,23.149385893524823,79.17807660994114,37.30332722749717,449.37496902204646,360.8848415542818,1065.5032656260164,290.45590936457813,979.8047424734725,102.0763447636203,118.5755034826945,125.02265569764866,431.1167419651074,134.611106886716,363.14137935463515,175.2026579117898,133.8463305326418,1015.8037730358095,287.19903284967967,932.0969648032869,311.5491323493625,101.90146400923093,221.16997041442255,90.44176500189528,156.47173573615967,268.0507683256405,108.89479204270849,189.86927954245817,41.651044772709035,53.794465385313316,282.29790682268515,41.836543632353745,47.73764722064328,453.8215234622005,68.8570797165937,30.19533583100832,373.8890654000575,235.30687693243755,208.715479439451,128.32423693511473,199.66937736863568,1288.0567016363266,236.971574058463,40.119672425163635,152.56369820150684,267.0385734779125,129.17932299963482,863.6340387283276,118.78330390397402,188.82747598220692,245.0610678502983,126.36992188599584,106.16788686860944,1218.7586762651404,35.652735853197896
B_044,100.61570028028422,112.68714871586381,61.92257654787646,224.01579819122736,89.37587362918603,597.2033247594044,50.08921941204013,485.8697597367088,87.52841187331293,10.875983197984267,136.59227811086262,76.13659928839981,76.62016575360957,147.09550655340817,269.4749101262169,28.327219519797257,195.770494389745,1319.9530549067497,197.2778350973401,93.49167888979301,51.96121366200162,52.50880568414988,104.28679743084234,471.5596294129228,580.5075417370094,633.461859636255,124.80909505399632,383.58072600296066,62.32502353852218,55.092896633454586,199.4934453729068,192.817644115266,245.39591299863076,301.3692062165601,152.3086936942013,495.3581063822441,435.2836273338165,153.3302571846749,951.9767433057422,143.48804476653618,65.88550936142346,182.11072199527848,55.716034766130306,64.60479976888341,177.30248361389314,81.91584623746412,147.1488229305035,23.728124901852482,34.71267170061353,265.4961046800451,49.37340362194454,49.116478747089054,860.066000699084,71.85088478402875,11.165444841970878,284.09323445822207,369.74225247519314,114.80085829013257,54.68604040318088,109.73241051875279,1061.1901219936071,253.1874720623829,48.05360938599205,235.88089383907382,184.48466216915588,88.3939986528021,347.8236485263282,57.878959676494766,121.55901240770326,373.2527761928247,107.26719626616519,165.8341237152707,189.5920927756604,45.07784785620117
B_045,241.53007649174899,245.30251017950627,71.88337067591783,134.14940811464348,139.38883981909748,584.3691062937688,33.942577325957465,436.1596657689931,63.19394992526041,20.56076385433147,94.19363543313465,114.43265494693009,229.92490116801062,112.01744072290202,187.7175127096566,28.472715297633265,640.3138429786937,987.9527302415918,121.81480192236262,179.63917298391175,43.12102245076334,55.92838129841734,36.96012652301086,184.97877229492516,238.25494603571653,294.1007832883905,92.8816678741938,168.7178774940706,116.4033549706294,60.40271829218256,67.37529690247784,243.51267834974263,230.03284573526804,197.9688187430879,646.5410868869175,302.26942633027056,406.6219137401546,86.6800766948499,667.9286721417326,187.85980591332546,69.36064686066858,140.97848689344224,60.215251910637946,175.35843825329016,172.32320915473576,74.82045270942649,85.20106572146736,25.328276159682765,88.5597512180635,360.130112875537,66.3474612949692,42.5280405178951,428.2815699045663,62.56752903536184,16.658321549368583,312.0376267225894,198.667620204784,235.21854861477118,80.27830868122797,219.04128415928406,962.8853422770186,253.33414990886635,44.867967415026534,265.36387318290883,142.00491518460012,88.01018455507953,90.2641452554296,68.70678029738485,261.32067274545176,184.38791511228655,56.63223132522985,108.08290017050841,689.883874992837,80.38802995093046
B_046,86.55166599582573,39.48672201385061,100.46709722568895,86.31695436295688,91.51090244111704,541.303306245542,33.865483992713614,639.249556944634,123.42153847733391,11.92909533876194,74.51956858838332,61.56579822218865,60.07770935595759,137.2091069337465,52.53570267487608,16.11628761116373,237.65823594950012,885.2070573743651,475.90781098029964,168.02413984883776,16.924747260787097,48.48288551727019,147.56065890812604,212.61545855273258,221.21973810990892,449.5463476743811,108.08935093761843,576.758388746355,51.57256070001374,91.52303285022391,129.03844482978727,311.5479515269468,197.78721913914583,329.19537549730757,280.20408808837095,246.43963585480304,188.12311481974743,293.05877910104533,689.1690157357592,184.89864292898966,22.943154254960696,125.34858540238426,79.56968861405582,137.32918724040744,136.76437512821195,86.9553085433392,211.8566079319747,23.416098333222656,54.280320524052065,435.8898009967886,38.30600238474701,35.77931899046851,949.8082100954623,32.63032737095771,20.06464674272569,315.7603430836971,209.30465597050227,226.83885096602896,125.41946600827264,226.22945407699072,836.4697829001216,320.64420231232396,43.09859392952715,188.07581744922913,268.2630444024017,39.77443834328349,209.22800134290904,63.2602548795209,243.47086442999773,188.29116833700306,81.1336872183224,95.85122520394746,187.12773068707054,54.06000171476536
B_047,1610.1471728383797,637.5842968285874,87.79889604363343,189.25506544974994,97.12696073187591,827.1731220465566,36.11358071160453,388.3366027968898,105.51602121347882,13.435874881420018,1140.9891597664023,601.2997362182086,534.3573180504353,159.21323803634417,130.64484358624742,58.62675120155643,270.3424835193944,626.253798061583,302.37393038400825,152.19485729560526,50.747394784915606,150.0732230844788,167.3190397162413,80.1037412723235,255.327152417467,225.81054900374582,78.59531672259936,159.38624443812103,61.081854544218935,99.36599190643622,79.44636615735995,142.31583824979407,98.75394725797612,127.31878132632048,351.5383825665496,530.6771697020149,223.82250177891476,227.19658674252986,638.2531615755563,201.25425356089616,598.5815799098193,163.40699351145452,56.68601805950495,128.10496437270987,117.83699602336779,43.41398277842971,129.97404829891812,34.71555039895345,43.76763231696658,340.628791162732,35.835862440767144,73.23841785848514,1405.675244324383,45.724119559746484,10.805340632153424,239.20153506464348,170.81832215574926,204.79829874376708,86.8392610477657,271.0695416649499,1165.662794269683,189.06849851786876,50.76116091325106,184.45333574013134,181.56994275221174,120.44507493877241,88.45138126754465,59.85256819892446,212.24186930462912,225.42035020600343,88.95214601058059,124.45532037752004,1235.9649834265897,31.48627830468409
B_048,324.73239867156406,235.39117452219432,194.658355599893,218.88184762386027,86.71220542431308,1418.4863470734285,21.526151862795416,315.0602399092614,77.84367601863377,20.309851086657307,148.57433667986794,194.00828714371372,523.4772262129951,142.31998477108147,140.56781054917002,53.63217689363827,274.8709881868942,753.0282604417182,221.31762155512897,169.06645103212043,55.21082678054638,70.90346692850439,115.88554231088517,252.96356076762873,236.80280983805017,143.9391269752701,75.41795882625084,196.6635738530696,39.27821342617673,70.53790271008694,193.19388832397593,263.8561598289198,154.96337406333274,84.8889627157377,271.9283116423999,407.27493579322237,300.28083670632714,168.90534409562926,506.3144954982561,104.16410467911959,112.16454271347222,241.74761481315332,31.372035176136016,143.9514539310929,137.71588580484158,262.8555351063617,206.72087700400425,17.27819459729715,33.47121349906143,248.421665568476,76.7344362688549,63.53004038806115,789.8357617936136,20.0993143172732,17.51156994940674,565.8022154541009,267.56873252247016,115.91760012319962,78.52675183479656,243.5374315420784,772.819615022951,205.04925672196515,47.49827997240294,193.5034366317866,217.45473546129713,80.22980830478903,214.3934403957291,102.25141539307987,121.06430032405922,290.63016143588004,113.01021481488971,148.37951935313407,324.3177699541629,89.70143349735162
