sample_id,gene,variant_class,variant_allele_count
A_003,KRAS,Missense_Mutation,84
A_003,PTEN,Missense_Mutation,27
A_003,JAK2,Missense_Mutation,70
A_004,JAK2,Missense_Mutation,80
A_006,PTEN,Missense_Mutation,69
A_006,JAK2,Missense_Mutation,16
A_007,JAK1,Missense_Mutation,45
A_009,JAK1,Missense_Mutation,41
A_010,TP53,Missense_Mutation,82
A_010,JAK2,Missense_Mutation,10
A_012,BRAF,Missense_Mutation,72
A_013,JAK2,Missense_Mutation,46
A_015,TP53,Missense_Mutation,81
A_015,EGFR,Missense_Mutation,39
A_016,TP53,Missense_Mutation,45
A_018,PIK3CA,Missense_Mutation,65
A_020,BRAF,Missense_Mutation,44
A_021,EGFR,Missense_Mutation,47
A_022,KRAS,Missense_Mutation,37
A_023,TP53,Missense_Mutation,17
A_023,BRAF,Missense_Mutation,76
A_023,KRAS,Missense_Mutation,29
A_024,BRAF,Missense_Mutation,18
A_024,JAK1,Missense_Mutation,66
A_026,BRAF,Missense_Mutation,19
A_028,KRAS,Missense_Mutation,42
A_028,EGFR,Missense_Mutation,72
A_031,PTEN,Missense_Mutation,86
A_032,BRAF,Missense_Mutation,55
A_032,JAK2,Missense_Mutation,82
A_034,TP53,Missense_Mutation,50
A_035,TP53,Missense_Mutation,56
A_037,JAK1,Missense_Mutation,23
A_039,TP53,Missense_Mutation,24
A_044,TP53,Missense_Mutation,20
A_045,BRAF,Missense_Mutation,57
A_046,TP53,Missense_Mutation,53
A_046,BRAF,Missense_Mutation,82
A_046,JAK2,Missense_Mutation,47
A_048,PIK3CA,Missense_Mutation,28
A_049,BRAF,Missense_Mutation,58
A_049,PTEN,Missense_Mutation,65
A_050,TP53,Missense_Mutation,83
A_052,PTEN,Missense_Mutation,37
A_053,TP53,Missense_Mutation,56
A_053,JAK1,Missense_Mutation,17
A_054,PTEN,Missense_Mutation,57
A_055,PTEN,Missense_Mutation,16
A_055,JAK1,Missense_Mutation,63
