sample_id,CD3D,CD3E,CD8A,CD8B,GZMB,PRF1,NKG7,GNLY,MS4A1,CD79A,CD68,CSF1R,LYZ,MKI67,FOXP3,IL7R,CXCL9,CXCL10,CXCL11,CCL5,IFNG,PDCD1,CTLA4,LAG3,TIGIT,HAVCR2,IDO1,CD274,TGFB1,COL1A1,COL3A1,ACTA2,FAP,VIM,EPCAM,KRT8,KRT18,KRT19,MUC1,STAT1,IRF1,HLA-A,HLA-B,HLA-C,B2M,HLA-DRA,HLA-DRB1,MMP9,MMP2,VEGFA,ANGPT2,MYC,TP53,EGFR,KRAS,BRAF,PTEN,PIK3CA,JAK1,JAK2,TAP1,TAP2,PSMB8,PSMB9,GBP1,GBP2,OAS1,OAS2,ISG15,MX1,CCL2,CXCL12,CXCR3,CCR7,SELL,S100A8,S100A9,CD4,IL2RA
A_001,3.880535136153791,4.97146785025184,5.355174160841741,4.557729875851507,5.68405124819157,3.3187837573643364,3.9838701424685485,4.864558873892399,6.650821739776469,5.090000065665405,7.444838496146843,7.997310296352863,6.955010481581585,6.320384897137975,7.66288548428126,4.979220116554875,2.855537937362703,4.809707524151809,6.669137197043409,9.30761480857006,4.697560124885067,6.979935682541585,7.882189410822436,6.138868666645532,5.203767721112471,6.631285636145881,6.300229352203083,5.942784638351849,8.592151275330039,5.9374191342662845,7.186954809771926,6.881873706003669,7.615394858934349,9.576875146965651,5.916001360012379,7.569606236910741,7.031811372584169,7.65760628584291,7.701844565160862,7.055723040336852,5.10033248601575,6.8353819434538625,6.271435933131209,8.4576914808871,5.671657634662422,4.131209215937646,7.741327729179949,6.266798109925215,8.333471821520572,6.2595130175994536,6.3565511533110515,7.1552399963304545,7.010088201771216,6.836607230689113,6.790229020835713,5.805634786702153,4.2999904467104155,8.639316679197337,7.194076762744826,6.837528488031172,7.8684441602589,5.45535579219203,6.878589143427819,7.90332118743978,6.8458959587316945,6.152020972388892,8.421610398486209,7.001718092342035,5.5740981639351395,5.177658924373978,7.255859166008994,8.524708829107581,8.410783515495144,6.634235976859261,8.055555742602047,6.375715520335823,6.123407892258549,6.545880673237763,7.203140611463668
A_002,9.109315723694735,10.265532203790503,10.817313726980778,8.279662782215594,11.438189001922389,7.741908320997483,8.159513880578166,5.729540339749285,8.217695621997052,5.236710957183782,7.181468191208857,7.142043232033586,6.987574576092278,5.970101054064998,6.3773741821134875,9.7443994622847,8.156045223495626,9.650489812946828,7.589427088653918,9.482755323417463,9.708243226090934,7.029056576638731,7.092332438219275,5.544802450660377,5.532308790395537,8.058028157774313,6.63816711950655,7.56573496942475,8.024970376730446,3.6732821466236607,5.33922723886625,5.350635718603334,5.693545793156774,9.777616897746237,7.091216421000761,6.870524638940831,7.091889386455576,7.567779057021647,6.888381075355743,7.763379048572194,5.583087691168877,6.508123126463622,6.113164584612408,8.520238044789492,5.640250074454602,8.958649493290714,5.931562753660874,5.613856545921719,7.905926694980177,6.678886662898721,6.621835938398881,6.7127136717806515,7.503305960826146,7.52709560813048,5.697476089887497,6.2127245312506325,6.305361318839701,9.078076739162237,7.704395186097682,6.726603077972348,6.3324261582862285,5.112737245359552,7.0408480012648065,7.714765100415978,7.115866044622813,6.527841319529535,7.541656903776582,7.290722843878655,6.5728505840313955,4.888735904396135,8.008234239299336,7.549840712671013,8.879943443192488,6.115713324031738,7.502029524502783,4.943919307328563,7.140597225299516,10.420956184893452,7.633403340812377
A_003,7.313362225835768,8.422367683547321,9.933139143098469,7.171882809268089,8.678706275729855,7.429593085935462,6.807021576684344,6.405176388266409,6.727787483582578,4.185666341689011,5.9564607090824255,7.7605956483569685,6.7483526126057765,5.912053371245648,6.740144835060944,7.972734360263063,6.296749795101851,8.18828389522819,5.93038382816367,9.589854999208637,9.015270925514436,7.574756897823173,6.771635624609058,5.694590275070832,5.646148735303541,7.579295768186523,6.603694368715712,6.037548322334648,8.839069225155567,4.370598045654528,6.431372078802644,5.4156353692266075,5.6374194350757305,10.287891321366654,6.978772219567237,7.365496395145152,7.34735616775985,7.511694682053506,7.264788561735733,7.306276527041201,6.508129622527342,6.774746831451963,7.040137586969712,8.460430307250546,5.017409445614785,7.698125679721981,6.583424540769845,6.069289419723841,8.081920689497464,7.814486273780436,5.087883094368852,6.547141155396268,7.382314165253576,7.030549220264557,5.4661713045272124,6.17425133770467,6.277088341713819,8.996527661567875,6.366520959846578,6.53911679141663,6.650872712231777,6.199234591559695,6.089566815695037,7.586571755871265,7.190673750294695,7.127758940967732,8.44483698877803,6.91150832731718,6.860984309789789,4.8642244662915175,7.904550854247055,6.79518598721169,8.431425378970474,6.34281201970167,8.598738143986093,5.673633994711097,5.575387768369648,9.516536167964162,6.885566727140946
A_004,6.752924880868037,8.372095438909842,7.318236264477777,6.735424620556431,7.862110705999157,4.127277766136407,5.311513052265711,5.930969761437774,7.40324335326992,6.277425516883325,7.331638022159487,9.203388726310253,6.892047351282494,6.516708175079606,7.247386881348886,6.4859162216547235,4.032365244086192,6.530337292109082,6.4173083304992256,9.439249200463554,6.987288578740115,7.288697258572892,8.2231348988907,4.67847205643808,5.094913660032393,6.509047377831569,7.188887815931388,6.496543235892941,8.653975076626818,4.412326656953984,6.605240231377473,5.254000842206424,5.695361044879959,9.601251258684623,6.379925555540419,7.206877457423177,6.359985345337538,7.483998002144559,8.56694526663018,6.848339178183242,6.580024442548234,5.795370265250064,5.749805006517878,9.802442018444374,6.262347311120049,5.490854034752247,7.446316937564074,5.985163232228102,6.795925914092586,6.162674167748145,6.529410726260839,7.557000367763392,6.333038870908083,7.325377806599469,6.954729073845002,6.475164767583999,6.49251138306401,8.547326388490333,7.387580077757904,7.339560336132597,7.4873754918573425,6.325106521738486,7.614329019408078,7.436838693120832,7.292466114796475,7.024499881755595,8.036140331143502,6.237629674301219,6.728535331886414,5.347301607811874,8.066163338614642,8.408965335515598,8.640499283736132,6.108477566557679,8.427771100337898,5.838092970574452,5.2470202842635425,7.501949888401786,8.013699706302926
A_005,6.529873198686678,7.292275330616246,6.907502706883225,5.5311067424001985,7.485781949978238,5.218057782563919,5.118979521386011,6.327036521444626,6.938415897251538,5.216174521457873,7.154482119530806,7.397803480579123,6.370126105291921,6.863057273938679,7.388735385349189,7.539599336201401,3.6985153845675205,6.402871436378353,6.715006641041495,9.924919308846796,6.861448842273166,7.615010254725933,8.130485878866745,5.775034067229305,6.040165373126172,7.321266217750158,7.634103737556595,6.867433837569619,7.811656565858104,4.861274589109433,6.617018399778088,6.251464210683535,5.170075002242344,9.474120253844967,7.230416709930501,7.751572120949675,7.564653617961792,8.129529837501439,7.387313878170882,8.332902540520289,5.918923150694545,6.484510135307624,6.454713360227224,7.571693502342819,5.653461131281794,6.306078023051646,7.024953757175761,5.813032185222013,7.643170032457251,5.700787266789119,5.8865065011611835,7.886626274679832,7.188154135167571,7.6188174498441,5.844147947978585,6.0875291133888565,6.724735782105349,9.299409446380023,8.037627182550482,6.441066904469793,7.211486963791459,6.430008446413427,6.268076647801037,7.784097386518857,7.196792454429163,6.719154718327771,8.49947243058863,7.9749439832934605,7.062090081210004,5.086335209388544,8.045088767616138,8.145798656018398,8.895721915205492,5.611165670393535,8.001577610547995,6.127735129443318,5.090889164489231,7.621570746237913,7.150042446149684
A_006,8.66362115218452,9.04666071649438,9.17075912602865,7.684335833759561,9.641746002497605,6.8820606673723415,7.615659975427949,4.84114142769189,5.849598210656934,5.005781784907203,7.154517755576786,8.140086165187117,5.81069080147784,5.029603589003592,7.149228872378986,8.649386997242514,6.295077979277868,7.686214236547585,7.1850767586855175,9.657644151454768,7.884519898018884,5.812496124582098,7.516356929053611,6.450692897164763,5.782129553192888,6.178031333756833,6.348106656292013,7.834935765761051,8.52387776890432,4.833793550483583,5.760281115851068,5.682782698857731,6.478035137604175,9.09970263305088,4.578545396108225,5.880724165255304,6.399459550643645,5.367477154744877,5.976116739951757,7.037931666788448,5.402843964516463,6.331273465904367,6.071230704341971,7.67753339871226,5.570766508552851,6.89685016180229,6.526860324705353,6.7932834855145305,7.462968941123451,6.578113926034575,6.355974635850392,4.759398875450401,7.652567645120574,7.25318034595651,7.132403389314884,5.380310778855749,8.035250073935535,8.349560612964723,7.3205287923331115,6.619422329490743,7.560999080496304,5.119588041921228,5.889245990347254,7.118997611516747,6.841321091932368,6.226463487602523,7.696848255460013,7.2273870906690885,6.839908678218635,5.057837420772933,8.373206055969026,8.108957602492746,7.391813978711377,6.689550914043761,8.447398777103055,6.575571227798671,5.775666286848732,8.985992420599072,8.434365531621008
A_007,3.661191125022777,5.924750126912784,4.405280248788663,3.429025967694107,5.620108692204509,2.336936026309468,3.2654519866363527,5.620830843663933,6.318246536343583,3.9787011912404364,6.250071686164249,8.088165904447154,7.093119688645011,5.803560849341304,7.419915260604486,5.479562112636605,2.245718502627533,3.7683900641493935,7.007135459932843,9.195144854791284,4.95778199800019,7.471116258439945,8.084060052567825,5.800887854830745,6.2674184144171665,7.8166691285521805,7.460005037906598,6.702823295567962,11.24749030241045,6.871969024562094,8.00668995827373,7.7878508943933475,7.114366019179175,9.635870934767667,5.387642798246534,6.922406113223609,6.512745875184831,6.650858765947594,6.294402569340546,8.118556120450377,5.516667871716199,6.605982224388851,5.680536390032097,7.732032768015901,6.390375116579921,3.46096571226946,5.48548158466971,6.17816705444164,7.74036657136655,7.023615434266334,6.4480384773861426,6.969711510699516,6.848333302508146,6.5796480350873265,5.3762552161353305,5.641604934799417,6.151435113053707,8.262998814631537,8.2546500080097,6.863315757902668,7.901044954365039,5.439099738690617,5.356060813142948,8.161344155073136,6.4061558985066,6.160161515250055,8.62174596607105,7.722760619152168,6.2345225992471995,4.727782627382943,8.110287488996505,8.918134041934175,7.9110257761923926,6.5999298418172785,8.346340831503017,6.791552762931043,5.280664239145726,6.261130710090266,7.304483209733948
A_008,3.0669238320069585,4.8182314058571025,5.3237745858539816,3.383133658505324,5.252601457763445,1.9624640291084425,3.4265862361738497,6.489286322971124,6.8659519490372185,4.95629217092065,6.922572327005288,6.984218238729891,7.036272274125443,8.02989822743238,7.203518352347855,3.9327276948140533,1.2758499958910536,3.7866944017475133,6.601304480999359,8.16689189895614,4.14237324655018,6.783229137899026,6.718276439636097,5.261711147206159,5.63492914359569,7.693252290895245,7.61730732061299,7.20764009010658,9.068405862843058,4.279169699888511,6.043426945858131,5.967734787037359,5.649744357920019,9.122947387484531,7.492067730547556,7.624817752341931,7.516011010059745,8.426258904132164,7.361315580890857,7.622704486850669,6.08880660556723,6.647442193970282,6.724133033963951,9.01919584694391,4.801274785708309,2.0918666721218986,6.225916101013451,4.7621610947541555,7.769170234839606,6.891401761698924,6.157194969716039,7.778656524828256,6.8288269612340695,7.033213328002252,6.71798860542292,6.207959952144665,6.171476625025649,9.277185707349574,7.2798511720599315,6.171608364610086,6.961836582705853,5.369416225885416,5.824504828255805,8.009958787011044,6.825094105679303,7.170035783379726,8.51627971570858,7.8130394889778305,7.5082953825893455,5.11014143369809,8.368233728905146,7.360376581720121,8.213190646640607,7.052729508375137,8.533426654330466,5.824869211247437,6.059323227965328,4.563096165873602,7.515471077678451
A_009,4.403544804255967,5.929248528781415,5.974869839588766,4.713983469272787,6.904020485313177,3.161729395068004,3.494986412202963,6.2900117337471855,6.540358469532545,4.813188455398389,7.293994703495865,8.80894399378093,8.057183326321281,7.010960853554213,7.722916499303727,5.732814296663302,2.3265276984454033,4.99490197360163,5.954241286214337,8.61748786223826,6.185178917604372,7.293862391362781,6.648334507275113,5.964791507676934,5.337096434727081,7.546589146706658,6.682853549809319,6.810578292292988,9.323895601689063,4.501397471443794,6.3796209258514445,6.066669540374318,5.989596167592601,9.419211463303629,8.209750914609113,7.932974412251697,7.546631359364984,8.688156883051386,8.179519263403051,7.346986507209721,5.00082805289076,6.7304134642312174,6.10186294164834,8.696031142368595,5.272293219867726,3.33903533270069,6.5561991701943745,5.798512370974042,8.086211370430666,7.371409940011511,6.026397540037833,8.828619901607853,7.31778084253412,8.00599518857579,7.1815133820847254,5.0463073750503735,6.170458607625914,9.110972501366662,7.952300565475505,6.713351556238452,7.008281164818245,6.448151187766695,6.291401566299844,8.12116607314181,7.067807776148314,6.815503247520039,8.741041982539864,7.272561787181183,6.2328430426431725,4.8797474997039165,8.265423498591208,8.14297613219788,7.769060655382029,6.241671981683843,9.084180697874745,6.674175177339123,5.615031324942632,5.224504431012355,7.742928495657532
A_010,5.358838855781487,8.551751717304619,7.449281070954916,5.973801520072967,6.9912380272089445,5.069869577995812,5.693554049081636,5.715911083847704,7.350544637217885,5.5754626380403645,7.89021492982151,7.861711625918723,7.051207688431321,6.210503327863763,6.509266931236891,6.368905864390472,3.5311703903110927,5.45552757581954,6.511378874719027,8.882956281635398,6.782334843217194,7.509878549670871,7.037778421128083,6.162878207123738,5.370841911582188,6.583429435727057,6.995646185824962,7.895265393439599,9.116463630100805,4.803213438949095,7.628277200808789,7.135601153716021,7.015012477739167,9.262659393490035,6.863698198685386,8.47546389941829,7.241084514318532,6.48603534790473,7.472007026611613,7.077561896737153,5.772957738442242,6.156257236070192,6.258484085183881,8.685949350630896,5.421795009222523,4.88828360460447,5.561983957719871,5.219571898985144,7.646008859332842,7.431456267543284,6.213818730017761,6.052094860833894,6.2011806031210694,6.385138598452089,6.349208974906485,5.439343439677725,6.822268247896516,9.567750059073706,7.591180236214439,6.624118845900702,7.12585924859276,5.40470772791752,7.046537925136615,7.489789633007261,8.2984872799322,7.198938197308229,8.198157681257497,7.698543456331338,6.847818586534447,4.982635940511818,8.05735732454354,8.574502200137514,8.989070638686474,6.808639591399813,9.351313984900274,6.6471692570776675,6.302547634940643,6.869681240327495,7.452090368839138
A_011,6.989190974492741,8.541996813502085,7.5278547472091235,6.887340498490498,7.41914682234969,6.555168745035696,6.194984068795827,5.550426872338175,6.803464031026821,5.31824196767161,7.640106759970885,7.71445997428229,7.273628927105227,6.461414407334416,6.717466956816647,6.679177040528444,4.595858847571999,6.926124374718461,6.661922110608719,9.261566585532565,8.415332380009621,7.829680524915597,6.433199781639445,5.164089970724882,6.3785199220616375,6.58569878073029,7.496647199070949,7.66412551951887,7.047850025848258,3.776542099528418,5.345981648227336,4.222381072285739,4.854685230616818,8.635021980323824,7.505745165492842,7.257094785586332,8.367561189766194,9.036809062820529,7.117072634067368,7.833433814226945,6.217674222227093,5.479114574787436,5.42639490206433,7.733960828890002,6.104823141052683,5.878042558167865,6.826607620146697,5.990020397173254,8.685378282172307,6.691068184786257,6.845303248996123,7.707856215916049,6.362097570325846,8.436970016931635,6.369925993115474,5.058057708299127,5.903778427267148,8.395073329108738,8.054099168773659,6.197136151409027,6.738079072897456,5.671437884565863,6.555805549710089,8.474340035407865,6.641270274413225,7.14908693521203,7.474238180979297,6.6870811341825025,6.319012683524271,3.8750718917659555,8.069776929356252,7.47764760689266,8.602996244750557,7.251932265859768,7.686194927940501,6.477360337036752,6.200769930079185,8.558779114499197,7.7867243377694235
A_012,4.9602774287851705,6.308526937610701,6.528595992617847,5.394179102453734,7.091780434774868,5.2124702735750335,4.305658921645649,5.645377023197905,7.1206694940349085,5.7861635342314885,7.817699629006132,8.061570533872096,6.989985843027513,6.571228435178296,7.604166950290851,6.2071331624905595,3.793019597018017,6.11468544163675,6.063901817748402,9.099446195177103,6.8971160466565715,7.3429451090607385,7.2716819852734345,4.734225496896663,6.376358702551608,6.940291340494494,7.364323357416668,6.0784720672734665,8.409370390755937,4.237129814664736,6.186032396784672,6.044623643589158,5.779805618462796,8.701797543297713,6.3022543335640275,8.185974588959535,6.140589692913315,6.964083465149635,7.539922384107463,7.175681844212481,4.894531640824454,6.682857853537264,6.63611489953169,7.186481326112058,4.942454982914518,5.342385048593126,6.85804328696046,5.731764490904126,7.535581419051448,7.005231030100811,6.713038242043879,7.264407956450056,6.195023744407177,6.40299096838854,6.1202257799691155,6.279328611776264,4.890159175435938,8.55627386610024,7.793513500523147,7.460960164472551,5.99591134260454,4.457041188320508,6.8573188915953756,7.635375787098367,7.90923499986603,6.08644412601693,8.968724814892614,7.883634228151649,6.524777906337664,3.900820289228475,8.231107417605859,7.786409515572014,9.094409018372582,5.84110745268582,8.59430340046767,6.051860834475772,5.352935082069904,7.230094058546348,7.408003827474344
A_013,7.812410795040322,8.32627697581526,8.129518228495387,6.421139736401251,8.93752822071245,6.0483362407932155,6.16696738045574,6.192925746634345,6.60762946816302,4.386987705969354,7.716427185112789,7.050209413141872,6.276157783516932,7.279835811875754,7.549666563362475,7.637091438408923,4.628988744684757,6.634548647070686,5.961444496270006,9.036398369584855,8.173386200976399,7.010176616795665,7.264717931347192,5.2997240913905195,6.828326107898459,9.119862170606124,7.117932065976009,7.091736093484427,9.28154760626651,4.772426678329365,7.461165038226085,6.456384429626381,6.366145395689353,8.98919745398026,7.228996348517945,8.137755668376055,7.624664172278537,8.277460735862341,7.839935006545177,7.020914801170656,4.732273097943124,6.530251411733853,6.296581943495841,8.538175931595013,6.037039725204146,6.477251645506079,7.052215916879421,6.07737328661709,7.104968031907114,6.6454713512114525,7.373693099196376,8.637397981203902,7.907058128307063,6.190295797503299,6.97912225552311,5.301934350814926,6.709387597865234,8.93401335198015,6.888036421673252,6.732633087973738,6.674100116059555,5.398556139032922,7.112960944526316,6.9725422444874345,7.3272160770086705,6.500980390769265,8.741262646335567,8.159786616330614,6.339519402939022,5.692022250619411,8.149060427135657,7.955279340120328,8.26619929571827,6.484039361351709,8.420503929013696,6.44455973185817,5.598065150806062,8.391814695760763,7.859662090902234
A_014,7.2122844188917306,9.136837684912196,8.917340716489976,7.785466909157745,9.228555853222996,5.298690181184278,6.597844966569986,5.861590728552781,6.206766467743159,4.1308276185120905,5.772724715259739,7.8534335600817435,6.840050876746908,6.777666642432054,6.576678560790167,7.506125325994466,5.5196292027776295,7.179725830218953,7.240537495081827,8.959400097387773,8.56695754209646,7.2015308631653125,6.764697373228312,5.264057477287301,4.994142744429381,7.277308782262462,7.350469498032132,7.102984544849137,9.727561284641748,3.889752198498412,7.250142190306976,5.833911695340377,6.692196636170613,9.606011330695756,6.756230471187379,7.598718432061453,7.158317900014323,7.501022237773441,6.919431445155169,7.080224663266229,5.8610201317349455,6.787106488055889,7.3237923500009146,8.111873638694462,5.662844416523526,6.949903564544044,5.745163399428746,6.479068328448131,7.8989080299985766,7.186428445930158,6.279147841701593,6.653442519928973,7.116160319138963,6.4907754445718435,6.099644162520284,5.881487065993234,5.969843172732812,9.117278831538886,7.747422350971247,7.666944069244475,7.324560758571421,5.921287944004254,4.994923025830455,7.326919112550283,7.2574601186895435,6.293366151831799,8.806981953803204,8.653693917644624,5.810779813093193,4.870330308444076,9.157146560771647,8.581500475543919,8.58144778368264,7.22481509251271,8.671437323390805,6.236578157580881,5.4042483869534665,9.002716338970295,6.6281355745923785
A_015,5.507505515204754,7.689758700872153,7.532730394235886,5.8886314283023555,7.931538778855678,4.704825192553358,5.697136477703121,5.566448646357574,6.650482296391197,5.173114318076667,7.0081203166059085,7.935591547654243,7.868325046591319,5.994897349293716,7.225238181966832,6.667131425221413,5.259308898557082,7.0427313879336175,6.077310685903422,9.933960587607647,7.11960116163858,7.371398041847716,6.725957346332879,6.610408286832398,5.836699812505743,6.919300762513059,6.921285237273712,5.649856284736499,8.67932938241631,3.7638195604055005,6.02258685208081,4.016230296029794,6.017642304200133,10.075737031844648,6.39453012863301,7.6115196458084515,6.750002841326631,6.700557579137059,8.073007518902099,7.3080547865499454,6.30925568607014,6.502507410850686,6.707486213924833,8.50315697483447,6.60657658133259,6.3998390442212605,7.53684331121342,6.052616924192017,7.710390899108548,7.091371431134021,6.418615897700971,7.248622750249343,7.446712472615041,7.1547772873978595,6.164811101988611,5.625182172490068,5.90083357861302,9.344137214784348,7.0854277694821475,6.7642989682925805,7.017133763358355,5.798706939673408,8.491197634124566,7.787643829536763,6.844589272301521,6.852570886335504,8.429596009426461,7.325455157089383,6.331295131144159,5.029413847151831,7.616914056965961,7.191166927367857,7.877897031676427,5.854542150865669,7.896076963209307,7.502446661784923,5.9511168547599596,7.483431661374707,7.162500197597055
A_016,7.567962667020435,8.36698562489754,8.62513881728356,7.203711674514961,8.52601960280472,6.62457035229398,6.443323803249932,5.376135339517018,6.678448023604528,4.431421287148387,7.186134325167888,7.988108100313363,7.6026272997885185,7.266389716125193,6.385885324274307,7.367945320964153,5.016161355713436,8.01764490831822,6.357758382519227,9.08044932664521,8.471009148726703,6.108685950188783,8.22977560261444,6.089436315690681,6.396917443462891,7.759548639838517,5.941631695686927,6.247955149423355,8.814153584051446,6.3119100074463494,7.011621778142391,6.417182013156104,6.198190475342078,8.953376841671723,6.857055174454098,7.148958047573873,7.299567383832463,6.469331756661508,6.155881575371495,7.3275058964864,5.712216966024458,6.973283793177455,6.139361435823398,6.774456605856881,5.753103337110002,5.648396222269422,6.336795642901041,5.78838526907763,7.771793388937042,6.397232421089448,6.3086891713448585,5.924711627847275,7.216727346846074,6.863114301772716,6.707713332088893,5.724181134329857,7.018454418885098,8.318440940955332,7.952956394779611,6.500819696906506,6.050434913434593,5.507125639421436,7.030867602847291,7.920774477181539,6.2708186735666684,5.941198279654866,8.616744514264955,7.623195568482056,6.492652978611745,4.2029121859500504,7.564810961295675,9.888885242944498,7.199062468689854,6.639539301627467,8.651660807802038,7.064723134801553,6.849994337384545,7.22327120260627,7.4097226922965005
A_017,7.371946731725069,8.677509726009411,7.453806491954485,6.826732697946388,8.480081100033829,6.411273515923834,5.444405791833696,7.324836356495828,6.377137228154001,4.569877595949548,7.164287711794241,8.366243031283402,7.362091175105185,4.462658361724513,6.0129225010642315,8.056513141883368,4.326102012486169,6.605915344255946,8.446069084298498,8.897963245405244,7.562828116311924,8.126493138324218,6.303251075932038,5.88620237649122,5.730269459994586,7.495421152341253,6.546781582666528,6.113344790537561,8.701970908529638,4.0686090208453205,6.844251855188461,6.074455067673274,6.598247658556997,9.833052696223957,4.113447893625284,6.91785315143088,5.722931699118636,6.958824850604975,5.717992285345469,7.108173956389888,5.112133539192511,5.9768364416320185,5.981987514896003,7.850311977581614,4.972389712440946,6.123181074839988,6.363573260851313,6.805000720966051,8.221261027790348,6.0030014463209955,6.8222749319197264,6.1950957047759,7.092630722118915,7.374666599861868,6.75304640547884,5.413506729856568,6.1718902531239035,8.437959221495198,8.072767256781967,7.303000732406773,6.950275987197925,6.450800580112525,6.840559991839922,8.121600791033972,7.582408480777611,7.1241594835216215,7.717459055268661,8.431405558563748,5.998158423010566,5.4796964629205105,7.494009930636361,8.065320733339227,8.370361013103365,7.187093897257154,7.20663975836143,6.147486366155215,6.0206469037196015,7.613861032886848,8.52495590095548
A_018,5.101703237318591,7.268107046753797,7.096545955495557,5.8326907802855885,6.986617568563857,2.959468196134741,5.234517998726602,6.181244792691195,6.539871717663947,4.819729131648567,6.532584787441135,8.444656731691305,7.872995580778579,6.833972983276924,7.759220568891429,6.759864585508619,3.3741479497707303,5.510297165104896,6.069458584981923,9.709131561290201,6.527304537734745,6.711423329952878,6.161801739749497,5.548125855659293,5.449624479148065,7.250483622710306,6.805473054450932,7.6160073505322075,8.896559516359739,4.443147384399029,7.2296034208960895,6.800545429359566,7.276014860585702,9.086147358603435,6.139977468425051,7.752903732737576,6.446486649717034,7.3617803487353495,7.624284962271794,7.460110494349963,4.308077644328236,6.585759994451647,5.912446676355113,7.850682511604108,5.106820056227024,6.033043000853153,6.576941990031037,7.110653184138675,7.385956435496031,7.041113116282976,6.871767529585204,5.914340068833547,7.541921821693425,6.236567184648614,6.236655706332604,4.938282437834925,6.437786667795979,9.086846641941126,7.377090353118089,8.333228122793571,6.743642969902816,6.3470817933679555,6.546447318252184,7.393370777470236,6.164222379692029,6.576432239612826,7.902199367097448,7.282694050194668,7.139501411339453,5.398362193523491,6.749052642283654,8.313635454338604,7.681879845482675,6.472937177903556,8.863544839543406,6.493105690641433,6.741224906554585,7.200334576778607,8.100567696676594
A_019,4.789465236126572,5.172758826083256,5.91870746885587,3.9913056032129015,6.150426413332932,4.150359923833464,3.210633535979063,6.562872389591399,5.595163678320002,5.2775590175554745,6.354005570354959,8.493182603087511,6.6843916519922315,6.737022563890288,7.295154464656039,5.819861490001873,2.8510464781523392,4.328659978321788,6.8971883482482275,9.00488657486191,5.586201428941416,7.153206752871905,7.255060092024965,6.016662828323168,5.500065044817624,7.492310885815462,6.791447434129802,7.963064064359822,8.939171919773013,5.101636344346856,6.862282131556576,6.8763211638517685,6.458899144830421,8.721183288027264,6.563710439927428,6.628487130437839,6.55693579699593,7.407518100949944,7.916174334811275,6.308843461534757,6.210033657930763,6.4976885983637125,5.928781495277343,8.143359600241462,5.893548156372934,4.035772659604125,6.524819455521137,6.584827885411463,8.469220861156145,7.894016291964088,6.860076152822489,6.304477153363845,7.025261191978032,5.395761024775458,7.36844782780681,5.9367010660807376,6.1844493897194335,8.957658864700317,8.233644171915836,7.7928351373749045,7.951238879040013,5.94616960243775,6.74536801722856,7.52416097785965,7.130237444025188,5.968131584630204,9.686566961591014,6.7300392859246765,6.086455004278749,4.299426533368399,7.44221683074503,8.259019434534562,8.434455390754028,6.526756087262848,7.454783825836219,5.573529522341716,6.384282274460819,5.982500817358893,7.348913028135343
A_020,5.0234879069004155,6.9159324884633655,6.950165434975567,4.2347058592479065,6.73559318474603,4.753032080181746,5.244136369245163,5.135440848570852,7.25623329453759,4.771987828612833,7.362216862186811,7.597620001017228,7.398481577195614,5.869151573249811,7.1842909724879105,6.709582606254621,3.3694205008085913,4.935152856976609,5.511670824094033,8.738570112768652,6.420896262895406,8.314070309810795,7.616630972845927,6.263817191960202,5.6495843831261086,7.150152266432176,6.764889344298169,6.378935765850508,8.641734703435466,4.046644271802541,6.37384337118443,6.55655911021937,5.54149743411474,9.18595208464546,7.179708583843514,6.349398936047156,5.916096535615524,7.29381239708812,7.130320477005298,6.3930707057992135,5.414443275634794,6.270133777794479,5.805284237865756,8.460705912047379,5.627531445614908,4.9930186466008655,7.1476612277233516,4.962519271680662,8.659076106849161,7.432462808694555,6.459543360799081,7.527277411030815,6.800382962819645,6.0930001443820005,5.906561924895939,6.257294210839518,6.372054245466101,8.63780827501195,7.562250921220547,6.314630728834164,7.190366045991693,5.630445385652161,7.130604719216943,7.964170379878321,6.5822124531179185,6.881430571786626,8.069261639139718,7.314628230995751,5.623634706951054,4.502016609744855,7.985457804523422,8.55421668484606,8.620938212428369,6.2186182050223255,8.113816768647709,7.081619980423439,6.346160821112456,6.476220295139593,7.057097043357633
A_021,6.789353176299277,8.350233250173439,8.206965819157217,4.955873665996569,7.5844300874062265,4.948311064675304,6.7503427205846265,5.766328621036836,6.983127302951592,4.334501839358833,6.665137789746046,8.278799877760461,7.1189755778333454,7.585019589833217,7.302992551268811,7.694107950849014,6.56264564142998,7.58389571111625,6.917002854646054,9.749899852720855,9.213965245670629,7.845329182123635,7.546654133779185,6.568447431195404,4.595597948224507,6.588386467075367,6.235599186185821,7.169174539478034,8.088196759806488,3.7966343196462606,5.431188219328986,4.901146183162678,6.098075287858116,8.824089294705413,6.510052044039895,7.705472469996623,7.145838457939534,7.336703860650035,7.419623904705784,6.4475159480329545,5.237279478222513,6.609320865586558,5.5207756715082885,7.683407623272323,6.0139166832477535,6.516060008285502,6.15464632039701,5.495430808654272,7.903362057831504,6.912599647280131,6.1773196300181565,7.078015534245824,6.322099492077718,7.2430085017669175,6.464378454165739,5.323163502459662,5.769666699626836,8.298747854396051,6.816678661687111,6.540141748730593,7.270790889304414,5.745945438908904,6.702981140491379,7.70495728378267,6.470644894259106,6.553812510322347,8.272480999452533,8.34566782945168,6.544837784722285,4.639256190751432,8.163003394045937,7.786282903533643,8.27868465629328,6.426970249732806,8.502534918174742,5.967279508983765,6.630253520127386,7.732550086779139,7.779702636876546
A_022,4.813814178021507,7.74410719583353,5.971853829571523,4.983273221211173,7.094196647035152,4.7942391234555854,4.398464614402854,6.4934530885115915,6.022826721901525,5.736266495981362,6.589784459572009,7.076799638354787,7.901478446712712,5.92398212909938,5.926673667400714,5.463801216708466,3.5087494451699643,5.5571718471179254,7.467665988101698,9.216247151638314,6.236618091908082,7.571398278828005,7.560118780314077,6.808827602130921,6.888044835744605,6.872071783210504,5.759581136023246,6.471946293458024,10.339988792933214,6.538673212048456,7.827263456001714,6.72923314602097,7.379307001945424,9.157397768032423,6.562397144351115,6.6216094624715165,7.341062031454475,7.247886486141215,6.465149944465737,6.859349692976841,5.6274800742030795,7.369186862697546,5.4310920866245995,8.459172099968466,5.464751157414652,4.787528448789271,7.23245122447655,6.964754833553695,7.310695685751139,6.893121095712103,6.2887300528493695,6.160193958946221,7.88845575138147,7.419358070723,6.135370483906752,6.752167222735603,6.068317034715179,9.98294351571734,7.800087164099045,8.20528957326178,8.021564214584364,5.968502058274185,7.104554378887945,7.491981930445594,7.714546444332241,7.144264707413321,8.755846365212438,7.119758303773825,6.782307094652687,4.782165156917008,8.102806440319391,8.395160202635127,8.985652415864955,7.183338930189856,8.90897994621863,4.82554928821464,6.127661442776238,6.998425624069316,6.11655466366367
A_023,5.626380044903412,6.9926749761586064,7.869483066618355,5.9087569134002775,8.79809691454164,4.565470970035994,5.204768166904813,5.930796837953292,6.010639042339021,4.535415837643433,6.305708105611052,7.289676323923985,7.720101741968532,6.904792552047052,7.459356796319267,7.081060986774537,5.202390614217035,6.4948694728091585,6.374291434326005,9.026696669531843,8.410936946528722,7.840519293535631,7.627455474632169,5.970451786396703,5.366461467689047,6.490538161678472,6.728378833194151,8.316552113418105,7.839139362200108,3.662298511887503,5.810508207073025,6.751665186315118,4.9487596504950835,8.916988260173177,7.317373284307003,8.14918608645408,7.769692467400061,7.940770464498614,6.11096364360335,7.651402985245498,5.000489184755102,6.6064037187493,4.610246108653907,8.318121658565643,6.333188792068368,5.856495535493471,6.856016790270532,6.238489197853195,7.8969644381882285,6.74813342307241,6.65037890899171,7.175222407865346,6.939317586019764,7.117628946801301,6.042893507512599,6.3816277438448985,6.554180575932165,9.284817080835,7.520974556055121,6.5300522950997735,6.796786155222509,5.593449312852499,6.963278561974566,6.542454005386583,6.814290551447088,6.4849226293238305,8.616970689565754,7.249573711205127,6.245901578432712,4.807564062078331,7.729175318745839,7.144884592667868,8.267516003625438,6.751090076474277,8.812262984706287,5.994774399582492,6.706378732626007,7.47857207734333,7.290035254252935
A_024,5.928077613088541,7.254802998581824,6.057136087591416,4.827066102253566,6.726919305346106,4.806011028639938,4.773550943191406,5.928327703788984,7.572109498617887,4.8787950543946215,6.919241749335239,8.574994839462368,6.126378320011041,7.241301676471141,7.227447686483365,7.0037007948263135,3.644617096691745,5.429588273580156,6.9177908713896175,9.09606353751518,6.412103169199499,7.195072027409264,6.9376132066142375,6.261069568880969,5.734653639127281,6.785565609637327,6.466004073448776,7.849218592181745,7.744506566692206,4.1499716725949,5.101602049705742,5.590756970564688,5.089694957943808,8.50674820223181,6.7213837424574185,8.001469746358291,7.64469470374955,8.140647572685872,6.774925056672547,7.933136167876496,5.7786864101362205,6.624400879881583,6.25906526097422,7.7884093043026565,4.791763193905691,6.302380338125379,7.705763716836804,6.424836655095875,8.528967400440955,7.127149486145524,5.912011692754692,7.7476928567075865,7.360285620518596,6.908006774569597,6.871760056558246,5.192865335187111,6.435230985980638,9.676744929503826,7.772968689464371,6.969644355808361,6.692908667189227,5.29513488819897,7.187237685529745,7.328297445680289,6.723868719854564,5.411523959888906,7.546587689735541,7.957897393738158,5.809696328410359,4.8506055704751585,8.208902535523066,7.702191657257066,7.302243154706458,6.605979462277289,9.097272781416319,5.274069987415605,6.380996609561204,7.0201758093077915,7.586462418373954
A_025,7.716168089384974,8.47743592040611,7.893802624360775,6.836534203151172,8.203146897884055,4.929657979995433,5.877216043546496,5.03174202746907,7.540111541169077,4.968898437435302,7.151897650698069,8.089114128550351,6.806494127936379,5.578428295165467,6.3387016070996305,7.7416002255216485,5.064115680992622,5.927495526367845,6.851740300183714,9.416717283478816,8.196939412440816,6.800922188980149,7.255249986609673,6.431778893357294,6.802154633011927,7.309981224483382,6.715313859259315,6.903412470810546,9.64190127582665,4.357632641909538,8.337009931342001,6.698037448329547,6.7281585625747935,9.283443660115568,6.0048386596226235,6.790288624256638,7.536675001094026,6.9035796115665065,7.262187138358915,6.02364457531828,5.433207737909486,6.471216082620562,6.060252661544699,7.6878439989275345,6.2338059262337415,7.0510027058119995,6.851931764704748,6.191463012304368,7.746036527599935,7.205062835498843,5.578924963563551,6.150177645444972,7.849505500785018,7.795539915325952,5.118906928144755,5.4589029465610315,5.751507095445204,9.808289903069205,7.400586785124398,7.562063531412534,7.803028267066716,5.549712465222938,6.226817781242047,8.071256975389996,7.018307005003525,6.72598957929053,7.707413427058232,7.616598650768299,6.153064840478816,4.9120614426525755,7.163945363593463,9.104880888263347,7.1587965871101655,6.505650776815684,8.299622987587451,6.123950044912234,5.3826190853683205,8.026025773724,8.539498995804264
A_026,7.426220944950321,9.373424602254508,8.143943988070827,6.47078321341423,8.810843832016497,6.704023625290469,6.49549615449267,5.3614573764150455,6.481085724742822,5.7526493255352245,6.979837998478562,8.329361482629233,6.19493166147294,7.14343314434417,7.210445674318098,7.856942263863631,4.0614927712027775,7.679956665794723,5.771531277661985,9.854117301625726,7.917867205721939,7.392728537117587,7.721643372510189,5.390115189731823,5.348905183665039,6.824257966810672,7.484159081685956,6.834701913021557,9.042042298106272,5.854797222350037,8.328638327949271,7.598913782174188,7.305407385467757,8.90522282371101,5.511954382982119,6.819300919619477,7.0235945290350985,7.798352293641072,6.800283540881585,6.5651954528820875,4.644811808060403,6.821259719454578,6.246575842184349,8.027040346453111,5.167657542263461,6.479419013232071,6.519078350928409,5.643735378278853,8.245357296199174,6.157264167382033,5.978923351407072,7.347574349934107,6.759559905296944,7.404763771212134,4.8831174697152315,6.598503562805583,6.1189688449007145,9.04156202427544,7.377339073679988,7.131535076330631,7.35821348222785,6.051899943590354,6.418993263701671,6.955875288238347,5.856973072612267,6.373000067616889,8.138322508880924,6.173357209372067,5.935592947435296,4.609996056262129,8.230281522980775,8.028802743858652,9.815154244400697,6.329085802904273,8.296969368574388,5.928651002819996,5.464337600607702,8.158991555099297,7.713081584697719
A_027,7.047611947464183,7.885591416190045,8.791379216213235,6.79728117038268,8.856456154880908,5.945416344799059,4.843011761838379,5.896798645322026,6.236472819118264,4.972151486302028,6.971628650152362,8.423200398828337,6.6756633617857,5.755009048258518,7.162992748557436,7.181354240082609,5.46221399745268,6.717144453973081,6.553718406443497,8.219596366312393,8.349741214556712,6.473471064356677,7.369269438365771,6.111581533502137,5.7449261810294905,6.9536157788227255,8.401625121284557,7.71850986797498,8.258657932952527,4.568838407825426,6.058642318117979,5.938750237160659,6.270147009847188,9.447241492815833,6.173559329957259,6.765241796116505,6.917615793198894,7.007822278769927,6.550332124978412,7.3192936351215545,4.583524160685908,6.441121054777294,6.063907580700317,7.506859236267893,6.250397181277247,5.933471493433077,6.205054899220039,5.685336343229524,7.32722938330312,6.7830246606510896,6.793010458820076,6.129877710658022,6.5332314499017645,7.55312108448556,6.218550906082167,6.955864321122579,6.602637472006195,8.131309776703365,7.222268893202191,6.713744057778356,7.371546500530093,5.671176389351207,6.4549542997502005,8.487710314598347,7.733286152069074,6.3020195559310155,8.146704096940086,7.058880522910768,7.223097156031579,5.212041259365984,7.401214394271223,7.958418111772909,7.976259133219608,6.976283101308712,9.078804235006812,6.356124576487491,5.15848334668175,8.609735138348833,7.266532795360223
A_028,7.543750504267696,7.704685520960167,7.955462073109452,6.7174942079475075,8.565462467298834,6.527239915750861,5.898159423638753,6.163080044871595,7.546513621332718,5.10579653274337,5.707807042116994,7.575831176143398,7.047010306915436,6.041494865849442,7.404888100233056,8.393344529992552,5.900362565779503,6.552420697648654,6.662061965440241,8.918568830367352,7.988228406353437,6.662846398507699,6.072696899889591,6.400939960091754,6.284640605987413,7.260614593763453,6.925855171650737,7.334471109551133,9.721477622944976,4.8416217819779686,6.616504520017505,6.329919674645119,5.954109106800911,9.044778935441956,6.1385913587379575,7.106445439397123,6.6701046503832035,5.9786954361527,6.772085070384301,7.779199778833458,5.9554669074320135,6.328860000659332,5.001004497405106,8.801340947678723,4.874212688444291,6.553860741176287,6.993659105521977,6.962333472078662,7.541254060391485,6.193957626994152,6.43650558614982,6.798953136965402,7.864862765684995,5.911409083505429,6.627527991065552,5.523510505786458,6.667875825534939,8.268761011413048,8.112773509563086,6.496423301919559,6.486175110337831,5.853008671977748,6.806548724723,7.817973197386531,7.15489401715856,7.241478980401375,9.438812688055796,6.742860264704286,6.359331579417741,5.343731986680636,8.598042174564982,7.940016618552928,8.79203870450556,6.387963427172231,8.814961462526675,6.093465556786648,6.274476423872674,8.480677658714205,7.196294371457042
A_029,8.181908752515522,9.3735550418974,8.72362423021625,7.280357255005133,9.502613547186153,6.193716629508211,7.325355381589228,6.113915945538266,6.137615954697607,4.884017380685693,8.25749760406306,8.576779457411995,7.387693023465093,6.9504789035326775,7.511787113747248,8.59377898825541,6.591278366685938,8.158583333320243,6.236540870505639,8.764571019168184,9.019922554761026,6.87815964410049,7.379721402920944,5.628393648347192,5.869951854413788,6.437444655639204,7.075014149794979,7.070786923406232,7.910090761268502,3.933029285025993,5.983648668904852,5.034057775035767,4.6265623003096294,9.921395161995346,7.2458226043312415,7.45189504744172,6.917882154399408,7.153308716504984,7.083966047672804,7.900570087888029,6.0612616446613465,6.526093534280722,6.148704765849991,7.942556308601074,5.17142407164995,7.414041035795227,6.28888861360422,6.413503792102351,7.659382072068996,7.113183988862575,7.040662869376575,6.496104677354126,6.572064674579932,6.990333650549169,5.44783393968961,5.093066895361841,7.098263174950905,8.496146129244906,7.369437208456798,7.3545603682591505,6.921354554500889,5.933031958121146,6.699149832721309,8.462777103639398,7.279112095090053,7.261689528688315,8.566091604210147,6.726789033563811,4.802687605388101,4.478468728246793,7.742985773080025,6.7728381101880215,8.169765960162533,6.817451524477011,8.433346783685645,6.696264289539432,5.799132590410208,9.698082478684936,7.072683618518129
A_030,6.107581363675391,8.22571459558708,8.81420616995851,5.989227835663621,8.56001150041315,5.399271787281614,6.209189119415938,5.857111908190176,6.55521671100015,4.961758277957168,7.843907656071044,7.891202718559116,6.452420343565161,6.883298850228052,7.810649317062412,8.186967592441892,5.2408146079454845,6.830897348263896,6.256397477492183,9.376539517885483,7.60693680756752,7.593845785418913,7.12941949061448,5.4189234174253595,5.818350423258598,6.601336457537198,6.404662688892811,7.665653083814686,8.890205040378452,4.918419574449508,7.024608672221587,5.176516166527614,6.177285004685514,8.852798154588339,6.408970184671226,6.714536427835966,6.53739563649193,8.603411601997285,7.309990303252219,7.898067503612683,4.56015644130796,6.013875080030657,6.284930029203996,7.484563557812571,4.896594648440873,6.906008617218033,6.805089789917048,5.794373006287798,6.704273992686629,6.8801726754135615,6.298336609140851,6.311461699090502,6.8336323183259315,7.206210670383202,6.708078127133527,5.364344839192534,6.492403462710314,9.13831928788536,8.333294097892914,6.34231048567374,6.1616683097491745,5.262986300033794,6.9334908596409015,7.334238677200128,7.426863765813167,6.177048586241319,8.061790076977708,7.29937116438198,5.616064474521929,5.661235092803051,7.504301486805254,8.397655209457035,8.275244897234318,7.951843045054963,8.12774544357429,6.460101375818073,5.526246835721392,8.47178556462185,8.13670674739842
A_031,5.730593166235002,7.722152787169968,7.428799336379445,6.727674506704509,8.029706310825038,4.510552662463557,5.721838781533678,6.416792039772184,7.804400583413073,5.876827215919603,6.38223046435899,7.679669835591746,7.557434886701428,6.045993328992432,7.835117869666533,7.05560780112536,4.246679969348016,5.413559184697814,6.897903783604935,9.56776447251244,7.63208985292375,7.57578604638983,7.805246734342184,5.402215548164355,6.119670574574928,7.658140108922905,7.4098265872957105,6.98016552347551,8.765271738065646,5.450887520120507,6.950136804431072,6.143957102725579,6.174205276003063,9.997367479947734,6.916863385689287,7.620102799254782,7.675446048592599,7.664967355254353,7.484787772650405,6.358719292468959,5.934911540835164,6.703016519206191,4.796278964184687,7.997802606470665,6.147332841739884,5.838541251366255,7.115594010621355,5.68599840146018,7.743153297330309,5.752410574260757,5.39912066976391,7.057631631801998,6.84739805426103,5.77711462635717,6.555042885613082,6.852086013868558,6.357203006680828,9.904872177817294,7.287679180355514,6.52334149500619,8.08832447889556,6.071417836072644,5.890876802528978,7.354123294272021,7.371317145910073,6.712280688374835,7.883757330256001,7.2173872450121195,6.356553181060391,5.597876450579989,7.907629940947944,8.200211617128337,7.755020331944423,6.60508834030082,8.184500561619389,5.913860825682151,5.986309553219871,7.251233787488951,6.897500017568722
A_032,7.403174756564772,8.716375838857333,9.70440007395565,8.372630148589234,9.056019002072716,6.7342765594112235,6.4730860309449545,6.178296614359301,7.582963080983919,6.07923317192234,6.879836013809191,8.34038211119252,7.01154576425709,6.138846480987911,6.709261218989319,8.42620908760183,6.11915573466103,8.631799145106436,7.620697098899388,10.075058818613975,8.993080175982588,7.0891424251314,7.814493864057938,5.364397127581923,6.598085123413214,6.7539704370470375,7.141656453056351,7.034671467402469,8.538260920057068,4.045606866450002,7.606917989814691,7.105466254993789,6.719738285069903,9.234389817625622,5.943436541602584,7.567721922407689,5.1735714550047796,7.941882747697656,7.216569353614629,8.063769177937811,5.8897136255368485,6.835592295302816,6.140083078762708,8.073262064433353,5.400753064419439,6.3877407780479,6.823228945302803,5.129568487801656,7.408600224861131,6.542920377849578,7.159098221582783,6.720052708438307,6.717578026478285,6.622667311590763,5.965715357176012,6.321808436262473,6.792023599524008,8.920095664944471,7.4790010546465995,7.042478931978136,7.408337807485438,5.470238009710278,6.732433608948865,7.616665560406345,6.6573050101526245,7.173492890176252,8.835734558321903,7.824009261597501,5.9470133530243885,5.127348575306695,8.669404932684085,7.626916647542834,7.744936438652972,7.103838760137086,9.199213511578915,5.444422575554447,7.147169471072223,8.44965562361952,7.298165882399813
A_033,5.906365910710399,7.94063956516008,7.09858153337861,5.977977870359581,6.95190895438508,4.933907954544092,5.170045247648799,5.1485366820308585,6.521163916482157,5.050423644787639,8.080871131201752,7.74877818741998,7.503377873489699,6.792704820079448,6.197867035409543,6.514771037088482,5.113459014778084,6.1718214968322185,7.135505402023599,9.003586911578726,7.338283841893639,8.021243835591754,6.735775929337117,6.123759845874004,6.138462770131087,6.585729173243511,6.513485642669489,6.644298482592856,9.633161960967067,5.18873335555851,7.262952984480458,6.928667314900702,6.513877857774386,8.25064486793839,6.628152688838276,7.302996197531077,7.55772997759238,7.718108337825665,6.783179091393923,6.458013283101419,5.784839012459506,6.468608815637594,5.983650398440348,8.877996883435952,5.398235041734735,4.677138518163264,6.818296126281636,5.810149113180933,6.7919431849571295,6.443286357954888,6.645490538916806,6.459480845952181,7.51359989823618,7.247000380049593,7.546981544118463,6.933858716828795,6.0487435609142475,9.53290588653872,7.658609273571201,7.3463930261754316,8.238429077383312,6.02203893320527,7.160045275343391,7.147351531217853,6.937551820424161,6.487018226352363,7.42762619540817,7.284291792133722,7.018672564076483,4.330156872709463,7.1910915907003305,8.173992218572474,8.073794540107968,6.3510426345887865,8.66035609436469,6.536116695792684,5.18176734901249,8.29754487503874,7.284736952514478
A_034,7.0316592378880385,9.784029488279753,9.094744014730697,7.655843203582408,10.577237288335663,6.965069060993067,6.780168710988278,6.445423628370566,6.807989254083113,4.468484725800986,6.877058214768693,8.063623840127736,7.295979834609692,6.32012486540266,6.768177994047724,8.207701620173165,6.1820074052584335,9.076548995357829,6.29315853356059,9.156716386860767,9.680275359531347,7.626923443423518,8.425432305661898,6.900607083143058,6.189406964477199,6.559708986005256,7.676763404267564,7.5628772429691455,8.584704251994147,4.159085380692428,6.790534528469683,5.680787090434322,5.737236644518502,9.547046778651548,6.707865227708791,7.957869335033272,7.403189337302774,7.982339249509961,7.819959625805468,7.10623421763896,5.312133578769261,6.46933618833548,5.705763663177356,8.14541595447035,5.105782962753134,6.7599970568396355,6.110783267814294,5.547195733037945,8.082891811803554,6.591104582177228,5.94650510220052,7.165615978750358,6.149618290181378,6.965863555176675,6.80235840279559,5.745981852157712,6.551577717923538,8.667413339439582,7.995546589999876,6.657459837572449,6.315452210480609,5.591771994144513,5.9525961267539955,7.321966619467976,7.603557978200703,7.449544870028046,7.941430334652036,6.6069243463437015,6.677885346630027,4.237209681826556,7.9719729087555455,6.893801202623532,7.424518172045236,7.744742636361882,8.516657614433289,6.129468898197368,6.182779082748947,9.258477182162324,6.691195986133809
A_035,5.642484226162065,7.682271516931039,7.116302472469787,5.563215627733593,8.781945059781497,5.433617758494826,5.538727253009693,6.619632717395614,6.735069751320924,5.385134392524825,7.55865347997775,8.981199545693253,7.106414621492115,6.897302689600856,6.708566189131964,6.819418582919853,5.316537455174905,6.845745407361359,6.349996420438375,8.593691245943793,7.322738369650922,6.4069461983394405,7.580896752414055,5.882764655838414,5.4468017603853625,6.766005663699802,7.116258506016725,7.749963478863372,8.849879751669151,5.895902711222635,7.262372673343703,7.3392628932685495,6.310641018866902,8.097953793203596,6.415978264052447,8.583532919356243,6.6595189773054235,7.725024972149487,7.503036844314749,8.137227633315728,5.9713345554040105,6.004481340204549,5.723661826784885,7.649384649280176,6.702252212687788,5.767496504510873,7.132437146567759,5.792905381664197,7.677181907074124,7.5963467559466205,7.028408689893083,6.980483222142597,7.69036130723102,6.8973981356597625,5.969419310990618,5.587669776371319,6.292470814446134,9.02587489391485,7.775259094171282,6.4635784648709835,6.77735276104327,6.0501541143220985,7.323869445167924,7.515692250277425,6.6593441511277,6.565314698510882,8.631162268008344,6.947187619618119,6.615729201980671,4.579984874831467,8.471541684009376,8.895705692774065,8.047145945705186,6.524996982923771,8.191827454766827,5.265820068379246,5.965617414322606,7.464872175250177,8.159349732989865
A_036,7.719581418451177,8.880283200569687,9.236002174875287,7.776098783289455,8.846937487646473,6.684009363545474,6.780198660457542,6.967400108535097,6.552945740660537,5.470070549132423,7.35415201319579,7.702868949665552,7.617601905612006,5.736379416550109,5.489296435537176,8.16640063231534,5.873536045014705,8.608088387453945,6.8766974217532635,8.969730189874486,8.788553352436299,7.276208190565572,7.220854230838196,5.280685677467792,5.915942958997302,7.647021816800624,7.310800860660738,7.724023533227101,9.85779120865501,4.98165645009596,7.601743627900741,6.90988034874821,5.804992986515292,9.222454631879557,6.0417056152731945,6.279780628966676,5.701698608210817,6.99992577383558,5.315079905224928,7.834024851202908,5.3652457786530645,6.368165913385979,6.438800039844532,8.179934619282838,6.852185125714762,7.251940284265957,7.117538304108154,5.798111361249392,7.810856562105879,6.607377202329705,6.896684500085543,6.1935225745713645,6.60433022396638,7.290584329537681,7.019739938320221,6.2024217883243145,7.002251525132444,9.181068525793401,7.343118533852931,6.793766237013759,7.912270145331911,5.372222382860845,6.166800926947096,7.484469939011958,7.262650964041119,6.730395523183686,8.819691143327509,7.6484918168376215,5.088856464927697,3.8906203885808077,7.881282704602389,9.018847927937154,8.489659223210637,6.5534577044836935,8.329516446764147,5.778186687769819,6.421637905008508,10.427517930493378,8.173530055509508
A_037,4.814764764085042,5.363502160250637,7.183118606210863,4.193707471056187,6.821841655755659,4.1487481421221455,3.97940065148242,4.621246995401821,6.311693471576974,5.711594941171154,6.419419386389865,7.720395634625657,7.13419744007565,6.468717437157143,7.116954758612114,6.464184672323039,3.0110713270288163,6.861405027660494,6.391146961470663,9.74933813013043,6.537624508832747,6.935987430647759,8.192595127935805,5.602414812570896,6.099185477696145,7.872350871300866,7.31449041449477,7.170410586737295,9.367796212280142,3.7005662960239403,5.999599196687003,4.436179843346126,5.49098479353644,9.382867680417244,6.807422570295148,8.41645045137072,5.9709377882514065,8.210865479309245,6.99483675392634,7.644728592308113,4.777513876232851,6.403886762944612,6.5802561544745135,8.150861993706648,5.212712803957645,5.428666694456918,5.891634517114147,5.716166052462033,8.214693466834857,6.752090764080088,6.730444807901321,7.141768179398862,6.964482933286033,7.9311632473073015,5.893752007211469,5.147085224698668,7.1748886390802324,8.852305064590128,7.913128860690223,7.973275175439232,7.107773468566336,6.3456482933606715,6.343527411928923,7.761146715163106,7.227969111068524,7.49227396926759,8.800094733157783,7.022305813465646,5.555958693791023,4.794177679708477,7.479055321464191,7.591459916780414,8.019483758997774,7.250969270905973,8.527983294217094,5.745305178696852,5.854310030643275,6.269730325536459,7.446720937012451
A_038,6.775132496410734,8.123802770034345,7.820499254505973,6.609754675146109,7.501655984171222,5.577668649195241,6.17067207952659,5.966829415028589,7.489275473288181,6.211720555976115,7.448530825374967,7.8376708745097226,6.721188535851683,7.4558788962353635,6.779131725284468,6.509889945891054,4.71575580463516,6.760231031102046,7.089125172324247,8.89948171129836,6.2205617513183284,6.948138746904646,8.508073422908243,6.184110173582683,5.8970251933613,8.384740187250035,6.614504162192126,6.572113137340849,8.847095879385977,4.549622592844839,6.949183963842758,5.702880970324435,5.3207534267270935,8.804971987854039,6.61182668428761,8.009161865554338,7.762959597056613,7.060446747795016,7.472311515333677,7.075264990860321,5.754079655132941,6.3838128724201,6.640041131113053,8.445057506774738,5.097665943842322,5.404138642559582,6.019692647117206,6.753552294161925,7.16439991304299,7.079701904584997,5.631074088733814,6.859740213277534,7.418466736010657,7.696404618626211,5.935772658059969,5.506451691846969,5.701881994053739,8.566894250217848,7.031490108208311,6.943561203143771,7.768905020030053,5.724642521615198,7.650134815726932,8.624534409367056,8.086264104385412,6.305271366999772,7.395802401185719,7.048399681294376,5.866545262098125,4.56845250937977,8.949186240617564,7.47400640578599,7.6922951361250425,5.537555686547373,7.527354524557701,6.434660147919859,7.003809447417668,8.940822291605473,6.638982248756576
A_039,5.2356719281214215,7.571818852739212,6.940603279919518,5.023072509012639,7.349714477517573,4.9799395184513005,5.4520295185366345,5.18592038394366,6.9282504716170195,4.587212905225603,7.467082766209617,8.097373460803455,6.8116614018366235,6.470647567314679,7.771876294863521,6.736518588778704,3.8805355454927026,5.366531422029251,7.347698838297603,8.720782725254773,6.855396623137724,8.411204208931867,6.143006299372253,5.776037976054251,5.669290992923488,7.659936550773435,6.819780520532434,6.818033547290536,9.10624003358729,6.024238615265246,8.390295597280343,6.549641015065817,6.394442040260188,9.089620579218787,5.8390576064703,6.9004562300784045,6.472643070152365,7.005441417096271,6.8177480291983255,7.127532683535277,4.486359378613813,5.8286434481408,6.044073598532449,7.557296627832303,5.968737354169543,3.6023855654855574,6.063070650590271,6.584210380198259,6.848170065076946,7.079594316841631,5.981695688073653,5.80132025588323,7.38704931892177,7.235296086679209,6.496398180261071,4.824022437543223,6.430374385423953,8.761214204605336,7.686687999795248,6.521869847882276,7.920488885911903,6.492988052174196,6.902124435807755,8.104430667473464,6.650193531690908,6.9124167783546255,8.46177604139489,7.456559024220684,6.581823240942472,4.670318719653789,7.104097197872842,9.91448279854259,7.956307785204961,6.656198840337933,8.677044965828111,5.237508146321314,5.825183860222385,6.86679942863776,8.011249413278236
A_040,5.163456389374019,7.60307465265755,7.690390261616657,5.892890010532973,8.174750079426243,5.799274427107532,4.818772720233049,5.178671755960486,6.211846430437642,5.329633310537723,7.895419328343042,8.393265943894116,7.378486974819972,5.654353861638579,6.805763337421564,6.736584834615761,4.952624338072045,6.6019494624089115,6.708608005701537,10.105236429342021,7.5857528378860355,6.380500399892129,7.152881811456468,6.302467929029036,5.524840392247884,6.937383705133082,6.808502823128944,7.344693923224031,9.321174329033886,4.061815988338543,6.329178383004587,5.819246341384983,5.726103969748672,9.183430941422033,6.735314804467143,7.4491672414025265,7.33285842999239,6.519577827845353,6.572313805265021,7.415002232999069,5.853387032534535,5.438481086840219,6.300685419228708,7.67594720024817,5.1262735766317595,5.648242325423849,7.346479445034953,6.4332439417031075,9.159974896644792,7.496272949537779,7.442239408284065,8.136107633767374,6.168281438941185,7.446144335702091,5.794577886193748,6.064917687207813,5.526244059426998,8.5760529993189,7.636601132800889,6.35918832436552,7.4564324842271485,5.915020292902386,7.175632482880024,7.098424579758493,6.442971824320954,5.734675492012014,8.635983858962843,7.094778754542364,6.151166853850485,5.4879772692603765,8.056539988879088,7.530004491522949,7.334099938924648,6.793490952136448,7.983801003032651,6.271672730322977,6.013317168627144,8.384255964037372,8.169675849155862
A_041,6.906966123794856,9.308830519406447,8.222660580593443,8.107777577675856,7.698762461852312,6.927643381668335,7.324720918517008,5.1200991643117435,7.299535360768088,5.208862308511706,7.3529955197325,7.160015296508032,7.243232794332881,6.007537752289778,6.662006352391811,9.032169186109131,5.989652890122839,7.40747905588756,6.550544082246171,9.65394308841748,8.924337491670043,6.893821519744645,7.198826134516805,7.013389899480197,5.694651596154721,7.421649839972776,7.524701723952005,7.66872531184938,7.888423309809755,4.711381919621347,6.188762111887565,5.3361868494093185,5.860195725266737,8.328998821258171,5.985448986173143,7.974342258367217,6.185901540378636,7.5913337768812585,6.808717085515605,7.714636511321821,5.641235814849987,6.45730332299629,7.002005896327566,7.942735381944195,5.73284168558269,7.909408014377064,6.3231208405218275,6.618929909742796,9.042745478896979,6.981892816761803,5.87580778516597,5.987951560704339,8.157310212952158,7.170600089349783,5.804793266134174,5.4337092436364545,6.575450318194482,10.191395738615777,7.483161385303073,7.344741528495954,6.309546020502592,5.757642138135531,7.021873859677494,8.580018964212694,7.232175092011454,7.3522847577823,7.419597930622887,7.9190495897084,6.75809769993685,5.335896415099647,6.447132829515378,7.5421470361311655,10.030990933247315,5.8996277052074015,8.808977356607027,5.820305781541399,5.478812694337849,8.601297691577535,6.77004231275546
A_042,3.1140099070448564,3.9840162334763742,4.708408338968439,3.439425223030103,5.071937483129712,2.184604172851467,3.1967050891186073,5.510551845706315,7.294309051220561,5.642521293394319,5.874642205688228,9.111610782821753,7.645050754513639,6.0164182838181945,7.764377210898997,4.28425112203779,1.0979772668366385,2.7854102454918017,6.101411094162904,9.390503296046791,4.108876637076902,6.918635297740835,6.33013095041407,5.965199367652657,5.901716773139791,7.431638527670315,7.147874988678466,6.376026787955003,10.404935419851622,5.682522806634939,7.848679982343411,6.950991942212697,6.983311346742445,8.896003913679477,5.819035487571208,6.325055463857693,6.97578696500215,7.2807724263885065,7.161932258456058,6.414144196282744,6.066227944105645,7.032298831021054,5.8228212474270045,6.624659830706798,5.994812858220659,1.890164486608775,6.498645545209509,6.041454516573685,7.863283599251109,7.325428461796838,6.125403999478523,5.880870516825438,6.6666530479437265,7.050765748549341,6.397521369936206,6.576476934205605,6.952220894227658,9.868998996794883,7.243969107986091,7.21883859913662,6.565041155045795,5.300590971241028,6.840496900578628,8.131354184167272,7.181993958129665,6.925955903151414,7.991920992861614,6.811329447624036,6.718055793713594,5.121604000921601,8.316022392129906,8.417118538928932,8.599102968404107,6.9430843385761625,9.91625178032052,5.629741600694694,6.015540204536789,3.8046190416678765,6.307508516513002
A_043,5.854901267168829,7.488272573778332,6.807612566649573,4.9509006416178405,7.703235785193204,5.7658698334414185,5.151846636164387,6.258642668853138,7.237682556457568,5.1269455428902795,7.639926055480804,7.266300054872915,6.887455444969886,6.05195576974691,6.349564917755347,9.081011727198794,5.042389810201375,6.685203923154795,6.325638968955203,9.242408987687844,6.787264400613091,8.53541800992863,7.274267864230865,5.11341649035883,6.54606967751737,6.919472622655856,7.166663241901524,6.888562686951078,9.733929521439514,5.83795487463559,7.389744731819933,5.9849873427601725,6.155484137245513,8.326728641408533,6.06841232628938,7.046574520523968,7.260981933211433,7.370608296501736,6.013106577994213,7.682950321189952,6.046702692632754,7.48495150831401,6.522055368248609,7.997108514604881,7.310107484784371,5.53439361456873,6.578812096311094,7.153381545372043,9.10836363011779,6.148089751493797,6.124615194438202,6.469441670186254,6.497026787322135,6.126048119417779,6.315269173303164,5.596252011982912,5.995880276553946,9.39108695683484,7.583319086853338,6.894837672488215,6.907128914631646,5.789554510283413,6.6828973666519955,7.78290450095012,7.55903922006289,6.579912905245911,8.415369947199125,6.966573182239456,5.644341297682246,4.950818194366949,7.5870350009462255,7.379945302445369,7.225035718865737,7.90406564363231,8.818098180815129,6.183129144376003,5.6218981279662135,7.1192223376402595,7.670771231967668
A_044,6.586075859221245,7.951327063584865,7.807733112810798,5.752905729622308,9.265981645652255,5.719270970202887,4.956041110028543,6.0554798253050155,6.985940371191763,4.470253829668915,6.957931038511695,8.08079528253171,7.535164757475741,6.784232454196108,7.094643070457754,6.385850428192727,4.766181917852676,7.800619820681817,6.9807523053226985,9.445738875388042,7.386492064106725,7.333096500210258,6.737699168951623,5.809093145816265,6.708542094111057,6.569874923798039,6.891333009138237,7.068329660458545,10.213363522879071,6.292969945965331,8.21665065787988,7.383696452591836,7.74617274373719,9.413196692093607,6.04674253856057,7.24422910165168,6.925588306939184,7.5586856480007345,7.639475420063215,7.194840396727235,5.589448810720604,6.018601654685849,5.847737259671713,7.590083390123892,6.01993714311322,6.003249446953946,6.595979762236667,6.542315805485609,7.872580237153312,7.030977064284116,6.81986585477958,7.965477098427556,6.495815081327016,7.030256413052515,6.639926549309977,6.921343694306107,6.063199522939247,8.623847255323083,8.597897615904312,7.394694022930447,7.760299396578624,6.480491898167774,7.383556778744964,7.518425164445023,6.6802848442217435,6.9940426319624365,7.503377601910348,8.047425318733222,7.957514390578274,5.6538730084278646,7.643207762131474,8.292881608527239,7.269988221272239,5.976014250949224,8.391714644669316,5.445818655017418,6.04824115307162,7.46199070062495,7.2995901108319385
A_045,4.908619792647937,6.244468198851027,7.30131211304976,5.122142719100264,7.638279224659283,4.765533977834663,4.511948965207153,6.315514627267204,6.606725381256608,4.555174067840812,7.267436655390055,7.57167405391696,8.44303915405105,6.2340863582108055,7.964418649268268,6.092246137422045,3.2149946561619425,6.373581168768989,6.378175204718186,8.288885580897613,7.334618435451025,7.215951310937678,5.899484804450768,5.4385972936063,6.181429480482996,6.770955073825458,6.863389685382178,7.329213766389675,7.715131798339367,4.117792823782411,6.444151575243196,5.342619012559387,5.27323027775467,9.290944765503417,5.96432827520582,7.194017260030113,5.791495978260608,7.908215517382705,5.928877968047899,8.443746206146393,5.531899738063634,6.573614194801597,5.922051389653047,8.298303623797343,5.51549185024976,5.153174012212701,5.906828725387186,6.2061676730044875,7.58959707945566,6.838936484129464,6.010285005903787,6.352822383023733,8.92124321225418,8.006878082250658,6.785297711850112,6.808710312054783,6.5409990523528405,9.31502245926605,6.88835523954496,6.861016366523465,7.5141251503418305,5.8550777890957955,5.990375674757813,7.994387770450859,7.526628877708262,6.366709171427378,9.042187552431258,6.962873515065623,5.271545710966619,5.909174803093534,7.612584950347824,7.131042045658453,7.626921012333028,6.536595967557004,8.186830482059827,6.376493327771478,4.853452962071701,6.340960049929751,7.636844206033204
A_046,7.131765296086035,8.79158243804223,8.99857592916786,7.1017638988747995,9.278001979690897,6.085145894297863,6.299346763740932,5.934204728484227,5.822530206606298,4.985348498952174,7.1125534462175315,7.135359704411795,7.033779080113464,7.470650823112365,7.4599996508626365,8.13097158089228,4.860251988509605,7.106857676640323,6.234890577311712,9.319020243234444,8.165476460733663,7.007754628221493,7.978462640432749,5.487117855812769,6.582343553707213,7.342787686312666,5.8602345026214335,8.062874975531745,9.098274068748848,5.493579422645287,7.827926258240497,5.787533719041164,6.286302109563935,10.130283284445266,5.760436512083027,7.7814866758466295,7.184065702352496,7.188593249080701,6.858493234977591,6.6068164035637915,5.275344597717865,6.3389046261631155,6.422571614225474,8.053693321550751,4.721231864436101,7.056725051983009,6.984359601553504,5.5326438933085385,7.393497009467223,6.363393228678457,6.064520367078166,5.958449247638887,6.671069242052134,7.505242898916874,6.479584565963085,6.378626814298773,6.193766186348237,9.557300130141789,7.026248772576176,6.657043032395677,7.095238480792778,5.981241101979023,6.863836862923727,7.369971652662109,7.375146109157236,7.210165380097472,7.034158715848405,7.8047419594207526,7.118636103426851,5.24581814325255,8.343243749428307,8.081195561470441,8.15027072784559,7.524148226448953,8.710511075498252,5.870715399730376,6.07491340135585,9.03771020300178,7.266156201114483
A_047,6.267859839753765,6.204645270454728,5.900223177632479,5.933957149399882,6.620034966454781,5.352336411765021,5.337691695277619,5.497069827484072,7.7697561715834595,5.471521709355143,7.207387191834987,8.33711323834943,6.756638649145044,5.767737143810595,7.124512706252187,5.486921134266861,3.88764698232221,6.404484621032339,5.461232925480047,10.089432546600468,6.30500152112324,7.251355852571141,6.136651323486046,6.142827828571278,5.849753221712881,7.269851204287232,6.535859703442936,7.382757749025612,8.136536301780803,4.787614228580335,5.5732876085322856,5.150928342139629,4.92709861068634,9.990819777187063,6.562298387197801,6.60616026664546,6.892507858131817,8.078113193999473,7.1938417825391925,6.878634646024173,4.982358570649413,6.210125996961233,6.1118262991007235,9.363855633220458,5.496130810044677,4.876943765604434,7.621532948508196,5.7401472823482145,7.563419079379715,6.909708335850008,6.310817468398841,7.44186961977548,6.286401871767437,8.11690630410348,6.3843625059257505,5.850440512232168,6.675177777820797,9.719409411121411,7.313489790344717,5.931450680523402,7.887204084856883,6.133664977363479,6.692547247183115,7.38645764436569,8.144352088644496,6.744208550045361,9.19647711884392,7.716540472528681,6.473342877623927,5.942966764607886,8.063876533337337,7.159733177201503,8.73546608888126,5.471951586989493,8.899203755546788,6.470847944146273,6.181640831905236,7.058398436659253,7.716661769717715
A_048,5.8689835128431636,7.309272767803622,6.619294318072425,5.352746959325189,7.613181656510205,3.8711096774732043,5.329725136742643,6.067665210796434,6.4450992821687505,5.895634384534138,6.98223131033868,7.751191113506945,7.3527616288118995,5.964141708094884,7.178465233382885,6.389563265567884,5.557085744847303,5.948697096292028,5.678005114850874,9.493080107005591,6.450785864799639,7.945399868900081,6.990268545921653,6.5779486484917875,6.033092078236641,6.637278614509286,6.597510804369933,7.305040749681063,6.957627628571437,3.146474710426693,5.063723815447589,4.502725984253147,3.867588477611683,10.008553621712528,5.877881852356603,6.564633829834777,6.943831589722617,7.91533288776811,6.826635585539929,7.462635037184451,5.346838566754849,6.480522904012812,6.10047218065445,8.396462137311053,5.704779569796569,4.957797341405492,6.320957530733965,5.603697979577815,8.217722842111751,6.632383535932704,7.976148024036052,6.030064343897154,7.5832905344521135,6.496532899567977,6.003112313264752,5.195740809146491,5.8627353302535195,9.266685126256245,7.4305670228982885,7.338853500802823,8.328376810850802,6.69849396268949,6.358071869208294,7.9200141212420885,7.014490309102862,7.162994413069884,8.101870678055372,7.774385034198288,6.966146256975589,4.762759801337684,7.588319176534463,6.931523117341829,8.131745519358935,6.730947588011295,7.965567588406623,6.511192112986571,5.8015893614768155,7.679391414950103,7.638185617645755
A_049,7.852551308870274,8.441375652464089,9.333404409065482,7.360281988012363,8.887517017814567,7.132615026879971,7.479012473103927,6.1137741458864365,7.362784447666843,4.6250156264084294,6.847433812669584,8.60499819606387,6.496373703830483,6.526537881366888,6.772460384126123,8.903299021611712,5.304232899197149,8.450506983240071,7.0344350537135565,9.81953946642354,8.546944052648415,6.866193469307399,6.804144422283596,5.5242166614654575,5.0980518489850875,7.311882744846419,7.258073176974181,7.195878105780665,7.866397117437748,4.311112518608967,6.375271551451529,4.959277002112385,6.098543283665261,9.067819026579127,7.356529511860133,7.536076734837544,7.517019370117083,6.658341038511984,6.644191141750367,7.13221383938796,5.158461690846988,6.643273215892038,5.917279092650469,7.842249532258426,6.49248805382855,7.422184817279831,6.697231362133779,6.707672599065329,7.570138511579897,6.216807964338382,6.95943918942843,7.469443194187852,7.166724611620689,7.574377573753019,5.344984876356699,5.414140906055857,5.74434872385928,9.522067894757024,9.021563751267438,7.2120997421615956,7.643415146439392,6.127891206165741,6.517600923571948,7.689655417416024,7.149132339262162,6.902208758820796,7.564981101618423,6.489340183881846,6.315212592856407,5.2611548997698705,7.327251008384062,7.134577657705799,8.71347898034745,6.537150150356752,8.799083845323773,5.125874417965372,6.236595949539638,9.289788001993843,6.864727372788575
A_050,6.288786684395128,8.501327217577181,8.759974095591316,6.306114393623194,9.727540674305802,6.442401754212132,5.785113942357635,4.469697573301614,6.844978226793019,5.114401930226167,7.838594997594961,7.748526470460848,7.65827885597089,5.345163025475095,7.360804304571146,7.486641346899182,5.402435112612791,7.585368667163328,6.613744089580427,9.430269497766332,7.962954395188373,7.9128136396894675,7.607406001043118,5.240516904748333,5.685529631178296,6.898846931871301,6.209591295525116,6.167804805816112,7.036497390392351,4.25836127172375,6.387577606958247,5.455680339322601,5.140378498503868,7.479352399620254,5.760320838527854,5.439447125959628,6.008865868113059,5.257421463020237,6.353626194498383,7.092895110237572,6.606204688765969,6.091975692910179,6.463232216052793,7.5179916706754994,6.038355726676015,6.4406244467167335,7.189049772132108,6.021306967018778,7.189625539007697,7.077459690928658,6.200544064106995,5.663492671775085,6.779866705120719,7.793860871744203,6.365208308129558,5.94485312945232,6.868595593451957,8.998903691634206,7.941268360314236,6.575202084463222,6.592555905117859,5.950053339937383,6.983220868570517,7.538523980736818,6.959326661122965,5.533684785563519,8.260944733989431,7.743368356203458,6.401811981864456,4.3355443633610875,7.5768340680751844,7.692197951642457,8.581244144447892,6.206690601280502,8.15542119405696,6.680703338213927,5.61563461445283,7.635878405643892,8.0213267587086
A_051,4.582558138257028,6.552523117647207,5.780785629257527,4.596758785348841,7.005852565827645,4.156579323985427,4.094784880326095,6.346169402186116,7.304238609382999,4.956653731036086,6.943907041833111,7.5040004830320965,6.772111149806422,7.552640059953469,7.048712999512657,6.231800385602214,4.01581500250681,4.8676199344760835,7.069742879065749,8.802267666641328,5.742794260831429,6.852033500277234,8.453569227242703,6.482175784006829,5.771434745820524,6.73531762773319,7.124849960411835,6.639948381249408,8.973363724605242,3.5259611414152037,6.599271676403538,6.635130001456658,5.018924560769916,8.077860429609018,7.651887962120817,8.380638648247032,7.6447173923774105,7.9509870294871225,8.462167547497298,6.491865340933238,5.758935471033144,6.814700227170982,5.470320686208387,8.031618335205637,5.59616209056745,5.352955868659951,7.117843642975446,7.829955379473422,7.944355278452529,6.308293504346728,5.823403203213633,7.63967931554852,7.296746586603886,7.616082514667469,6.077259719437165,5.568821872362145,7.332434622115464,9.202034038201846,7.00355895189408,6.640933543903219,6.756598441433594,5.94850839278545,7.048498504723695,6.962302852431223,6.794798649869294,6.74324212278448,7.41746390326111,7.832591876183207,6.60911159515856,5.278049909881294,7.859326409405738,8.770062813166655,8.728533990744202,7.170561008221019,8.043568124900451,5.7666288058000745,6.011206570700247,5.801602057344432,7.103373277852411
A_052,6.364942864577285,7.6771041743743265,7.1881457850412716,5.489256805381441,7.451325031559527,3.885228613947147,5.095308533816035,5.968819278383567,6.603456759311828,5.804332650735507,7.2646130767603685,7.996474124078144,6.194695024313884,6.823736938734991,7.420407626646033,7.347595250523506,4.492253559614017,7.171391794019353,6.331261296317926,8.59510193532213,7.456253280579663,6.929078751336446,7.517275751235027,7.325255621734992,5.732318745413217,7.671868060762004,7.085216542050404,7.281226009047979,8.291739773104677,4.439086573700074,6.245108621590966,4.995984372162097,5.190512515706429,8.951405753943716,5.97934178831856,8.031303428556562,6.389807173490109,7.078098772359334,7.475919885779932,7.466937688563327,5.86497249521037,6.202269594439347,6.367213235868057,7.976237738933548,6.13332581843349,5.260257572578808,6.192693661494773,5.803860407162124,7.183315046877339,6.766373703838596,6.476335993909178,7.447142263664597,7.939498272937317,6.892642577372039,6.62453281547812,6.186610728528691,6.39331354366922,8.245748824852223,7.686003993766973,6.359975088182801,6.434062648098373,6.02160499587761,6.315453515669788,7.1986927019652,6.717461832408776,6.728531484119062,8.839641558114225,6.5104298927945505,6.401896604467451,4.823272491284361,8.728070728288936,6.544295832328564,8.317031594626789,5.2939120843067355,9.287034836387216,5.530730116438292,6.129779484940002,6.970757462948355,7.718962082395881
A_053,7.7264185950092,7.6476017785221115,7.66319107000707,5.759658814783856,8.787173573083527,6.060120768982129,6.124586346787344,4.767191088609868,6.843705417531111,4.70334405983229,7.586320336929143,7.767057138287173,7.1335189723640955,5.792068927189291,6.169867053744005,7.75963423325884,5.836247699163331,7.395009229756985,6.405215124446776,8.777807531759692,7.677698757237762,6.9887700748875545,6.715842435159827,5.717326682195635,5.553660608266669,7.47403983248059,7.149578108331503,7.547736513272042,9.972788228487515,6.274824057992873,7.477966276598298,7.031996960273579,6.330898248973487,8.679367573876316,7.45252506572178,8.260982921301014,6.536849743010613,7.6724519523557255,6.623441484556861,7.189270982834747,5.5226835435335975,6.255631347363793,5.733340411952354,7.855856696213938,6.234481609438645,6.262147790378441,6.446168906062768,6.2088161258539145,6.723971929422371,7.270510120442976,6.281403465459072,6.682035336798659,7.070398930964166,6.798685326262314,6.801751958716317,6.649416664917855,6.389989754042468,9.764085230530014,7.293253212938262,7.105938585252946,7.70176650204701,5.533128325176541,7.147580039522393,7.793991245561426,7.169605931590394,6.80660040958063,8.739492750699583,7.477064129349075,6.59957726866136,4.201331954044621,8.441335708228753,9.335719379200315,8.48804073217004,6.555556758182836,8.43608542327358,5.805342430711448,7.038481142096048,8.571173135447626,6.500977223473583
A_054,5.71413589786468,8.12315177277088,7.117757482899474,6.5030654906746905,6.639113338194824,5.9784895511645075,5.617998588656133,5.032722229346684,6.794604016044031,5.180652031903287,7.83253711930286,7.470411495458352,7.537988432734592,5.642701388037357,7.633621374126554,6.670126260226932,3.938586081431988,8.031167682707384,7.4834839929757315,8.978761496211623,7.132703721239488,7.137086239031451,7.096530263760598,6.587633985372079,5.829298639683396,7.000202464370498,7.583161985007938,7.0238030923493024,9.146146312560719,4.6120428114402054,7.103701656504918,6.071862892035321,5.764386014115579,10.076306102483239,6.22254722511003,7.91631811388298,6.819059274004899,8.110898278444573,7.3093697660659345,7.4713053514633545,5.586544482978385,6.240979903954313,6.437676016019671,8.891791501754552,5.100204760456469,5.588684128961174,7.48340651094948,6.018655030929827,7.9219006220796295,7.621093133359947,6.547997599631334,7.86125779421639,7.3508307715498695,8.150134746592835,5.709516060280506,6.3064091114354905,6.811557264623326,8.577805947863052,7.492417644296656,6.865833370636142,7.831465136877398,5.250642967799171,7.055256790452711,8.561390468894437,6.9560033667431,6.381771347170246,7.447518917899226,7.0366112977086,6.253067639431287,5.202271870637409,8.161322039152719,8.57233913435776,7.9172098491747835,6.532176727981424,9.165885104074968,6.306517808046532,5.389427877261839,7.38319897440839,7.143823840647861
A_055,6.700703978391079,6.570167064064041,6.7689667575352965,5.123606588016608,6.151422834921645,5.37250485370188,5.134167656881016,5.324153332713185,7.235422725186001,4.980232213279151,7.441761930393393,6.6087524745487105,7.68681333958373,5.515829373276877,7.214368298758571,6.174076711692672,3.8709110449124857,6.263467881363185,6.829347437623606,9.063226337126524,6.686253114125573,7.391112199380343,6.178926271658428,5.969330341089614,5.846685111877587,6.517936733318095,7.465408165703343,7.417658849785102,9.090039904170922,4.902162872992229,8.12510751457126,5.771401270997899,5.89834556800016,8.236513978706407,6.474393905607828,6.489392265021399,7.095436255434213,6.684593536693913,6.017952175588091,7.030745275134531,6.420480268766287,6.38782548558016,6.038145221337811,7.856448595578821,5.243701025558062,4.566343993592974,5.691205502981793,6.318593117916712,7.68488490742433,7.219474150426944,7.883436860617275,7.090309294339882,7.218945188170357,6.338119306612388,6.610303140671817,5.5558798830769,6.071669033487206,9.01584541457245,7.466445404117286,6.105515354342908,6.960648778860015,5.110218427435079,6.431210689734648,7.227735886335216,7.273550941081301,7.389704061850436,9.18798712442627,7.594051860692093,5.5274832741276345,4.638595157086836,7.545057375322253,7.665208890019837,8.72921878955948,6.389574520199846,9.110432313598468,6.09842775314458,5.988540240782072,7.433152045023794,8.29544368166728
